NAME,DESIGNATION,DEPARTMENT,EMAIL ID,ROLL NO,PHONE NO,ETHICS RATING,ADDRESS
Jason Fox,STUDENT,CS,CS_0@iith.ac.in,CS_0,9023475009,4,
Gloria Wilkinson,STUDENT,CS,CS_1@iith.ac.in,CS_1,6419946742,1,
Paula Blevins,STUDENT,CS,CS_2@iith.ac.in,CS_2,6326529087,4,
Sarah Hernandez,STUDENT,CS,CS_3@iith.ac.in,CS_3,6134960052,3,
Ronald Miller,STUDENT,CS,CS_4@iith.ac.in,CS_4,8470000078,1,
Jeffrey Wolfe,STUDENT,CS,CS_5@iith.ac.in,CS_5,6871572307,2,
Kimberly Lambert,STUDENT,CS,CS_6@iith.ac.in,CS_6,8135599725,2,
Dakota Newman,STUDENT,CS,CS_7@iith.ac.in,CS_7,9602700366,5,
John Warren,STUDENT,CS,CS_8@iith.ac.in,CS_8,9544147873,4,
William Hartman,STUDENT,CS,CS_9@iith.ac.in,CS_9,7841115304,4,
Erica Pena DDS,STUDENT,CS,CS_10@iith.ac.in,CS_10,6304831403,3,
Deborah Ramirez,STUDENT,CS,CS_11@iith.ac.in,CS_11,6839387338,3,
Juan Perez,STUDENT,CS,CS_12@iith.ac.in,CS_12,8210920768,1,
Brian Robinson,STUDENT,CS,CS_13@iith.ac.in,CS_13,6183141540,1,
John Noble,STUDENT,CS,CS_14@iith.ac.in,CS_14,9688488709,1,
Cynthia Gray,STUDENT,CS,CS_15@iith.ac.in,CS_15,6153956188,1,
Rebecca Lara,STUDENT,CS,CS_16@iith.ac.in,CS_16,6278376899,1,
Stephanie Case,STUDENT,CS,CS_17@iith.ac.in,CS_17,6104783563,1,
Lisa Castillo,STUDENT,CS,CS_18@iith.ac.in,CS_18,8660750313,1,
Shelby Navarro,STUDENT,CS,CS_19@iith.ac.in,CS_19,6578987441,4,
Timothy Young,STUDENT,CS,CS_20@iith.ac.in,CS_20,6705325700,5,
Steve Bailey,STUDENT,CS,CS_21@iith.ac.in,CS_21,8055525552,5,
Anthony Francis,STUDENT,CS,CS_22@iith.ac.in,CS_22,6202098820,3,
Kyle Reid,STUDENT,CS,CS_23@iith.ac.in,CS_23,8601470179,2,
Gloria Miller,STUDENT,CS,CS_24@iith.ac.in,CS_24,9330356389,4,
Stephen Martin,STUDENT,CS,CS_25@iith.ac.in,CS_25,6492564587,2,
Rebecca Rose,STUDENT,CS,CS_26@iith.ac.in,CS_26,9084914991,5,
Ashley Sharp,STUDENT,CS,CS_27@iith.ac.in,CS_27,8156034051,2,
Edwin Small,STUDENT,CS,CS_28@iith.ac.in,CS_28,8451668746,1,
Connor Hernandez,STUDENT,CS,CS_29@iith.ac.in,CS_29,7941703928,4,
Stephen Lewis,STUDENT,CS,CS_30@iith.ac.in,CS_30,7630914886,5,
Kelly Coleman,STUDENT,CS,CS_31@iith.ac.in,CS_31,9735874997,3,
Shirley Prince,STUDENT,CS,CS_32@iith.ac.in,CS_32,8918116037,2,
Nicole Gentry,STUDENT,CS,CS_33@iith.ac.in,CS_33,6498520120,1,
Gabrielle Sanchez,STUDENT,CS,CS_34@iith.ac.in,CS_34,8524177280,3,
Shelby Aguilar,STUDENT,CS,CS_35@iith.ac.in,CS_35,6869720580,3,
Mark Franco,STUDENT,CS,CS_36@iith.ac.in,CS_36,9882112845,2,
Jennifer Stein,STUDENT,CS,CS_37@iith.ac.in,CS_37,9067722149,4,
Shane Peterson,STUDENT,CS,CS_38@iith.ac.in,CS_38,6105674618,3,
Brian West,STUDENT,CS,CS_39@iith.ac.in,CS_39,7966175967,1,
Elizabeth Griffith,STUDENT,CS,CS_40@iith.ac.in,CS_40,6638904819,2,
Jose Moore,STUDENT,CS,CS_41@iith.ac.in,CS_41,6951970467,5,
James Richmond,STUDENT,CS,CS_42@iith.ac.in,CS_42,7316975702,2,
Laurie Lopez,STUDENT,CS,CS_43@iith.ac.in,CS_43,8814610420,1,
Veronica Sanchez,STUDENT,CS,CS_44@iith.ac.in,CS_44,6765484498,5,
Susan Fisher,STUDENT,CS,CS_45@iith.ac.in,CS_45,6350299267,2,
Crystal Hill,STUDENT,CS,CS_46@iith.ac.in,CS_46,6314415827,5,
Christopher Snyder,STUDENT,CS,CS_47@iith.ac.in,CS_47,6480056402,4,
Mark Jenkins,STUDENT,CS,CS_48@iith.ac.in,CS_48,7355692397,1,
Amanda Williams,STUDENT,CS,CS_49@iith.ac.in,CS_49,7192893227,3,
Henry Rhodes,STUDENT,CS,CS_50@iith.ac.in,CS_50,6267336896,3,
Lauren Martinez MD,STUDENT,CS,CS_51@iith.ac.in,CS_51,6420293059,2,
Joshua Mcguire,STUDENT,CS,CS_52@iith.ac.in,CS_52,7072820976,3,
Charles Davis,STUDENT,CS,CS_53@iith.ac.in,CS_53,6697075697,5,
Michael Bennett,STUDENT,CS,CS_54@iith.ac.in,CS_54,8989481918,4,
Brooke Peters,STUDENT,CS,CS_55@iith.ac.in,CS_55,7231389400,4,
Mr. William Day,STUDENT,CS,CS_56@iith.ac.in,CS_56,6849864824,3,
Jason Goodwin,STUDENT,CS,CS_57@iith.ac.in,CS_57,8842089419,3,
Justin Fischer,STUDENT,CS,CS_58@iith.ac.in,CS_58,9889945186,1,
Allison Coleman,STUDENT,CS,CS_59@iith.ac.in,CS_59,8687784482,3,
Cory Henry,STUDENT,CS,CS_60@iith.ac.in,CS_60,6418547245,4,
Melissa Rangel,STUDENT,CS,CS_61@iith.ac.in,CS_61,6838674156,2,
Heather Garcia,STUDENT,CS,CS_62@iith.ac.in,CS_62,7611475441,1,
Andrew Shepard,STUDENT,CS,CS_63@iith.ac.in,CS_63,9320758066,4,
Jack Roberts,STUDENT,CS,CS_64@iith.ac.in,CS_64,7475689284,4,
Robert Owens DDS,STUDENT,CS,CS_65@iith.ac.in,CS_65,8879044469,2,
Robyn Montgomery,STUDENT,CS,CS_66@iith.ac.in,CS_66,7526699366,5,
Charles Young,STUDENT,CS,CS_67@iith.ac.in,CS_67,9033397245,5,
Dr. Jeremy Smith,STUDENT,CS,CS_68@iith.ac.in,CS_68,8477357526,3,
Melanie Bennett,STUDENT,CS,CS_69@iith.ac.in,CS_69,7287177601,2,
Jennifer Baker,STUDENT,CS,CS_70@iith.ac.in,CS_70,6365913470,1,
Joseph Brown,STUDENT,CS,CS_71@iith.ac.in,CS_71,7430441044,1,
Jay Bell,STUDENT,CS,CS_72@iith.ac.in,CS_72,9451148155,5,
Jennifer Price,STUDENT,CS,CS_73@iith.ac.in,CS_73,8243552949,2,
Mathew Hayes,STUDENT,CS,CS_74@iith.ac.in,CS_74,6126098656,5,
William Kaufman,STUDENT,CS,CS_75@iith.ac.in,CS_75,7368911110,4,
Bonnie Long,STUDENT,CS,CS_76@iith.ac.in,CS_76,8153868181,4,
Jacob Peterson,STUDENT,CS,CS_77@iith.ac.in,CS_77,8470068854,4,
Angela Wright,STUDENT,CS,CS_78@iith.ac.in,CS_78,7275004795,5,
Robert Smith,STUDENT,CS,CS_79@iith.ac.in,CS_79,9226266059,1,
Misty Griffith,STUDENT,CS,CS_80@iith.ac.in,CS_80,6654536982,1,
Jessica Cross,STUDENT,CS,CS_81@iith.ac.in,CS_81,7847586218,3,
Catherine Mcgee,STUDENT,CS,CS_82@iith.ac.in,CS_82,9286667928,3,
Xavier Nelson,STUDENT,CS,CS_83@iith.ac.in,CS_83,8704176685,3,
Michael Lewis,STUDENT,CS,CS_84@iith.ac.in,CS_84,8477335595,5,
Melissa Alexander,STUDENT,CS,CS_85@iith.ac.in,CS_85,8217587934,3,
Luis Gibbs,STUDENT,CS,CS_86@iith.ac.in,CS_86,7151125447,2,
Terry Richardson,STUDENT,CS,CS_87@iith.ac.in,CS_87,8993543325,3,
John Shelton,RESEARCH ASSISSTANT,CS,CS_88@iith.ac.in,CS_88,6669583922,2,
Christina Greer,RESEARCH ASSISSTANT,CS,CS_89@iith.ac.in,CS_89,6916428973,4,
Lisa Hansen,RESEARCH ASSISSTANT,CS,CS_90@iith.ac.in,CS_90,9930216412,2,
Alyssa Wallace,RESEARCH ASSISSTANT,CS,CS_91@iith.ac.in,CS_91,6535577855,3,
Kayla Hansen,RESEARCH ASSISSTANT,CS,CS_92@iith.ac.in,CS_92,8226007963,1,
Jennifer Berry,RESEARCH ASSISSTANT,CS,CS_93@iith.ac.in,CS_93,6050452846,5,
Lauren Suarez,RESEARCH ASSISSTANT,CS,CS_94@iith.ac.in,CS_94,6592627964,2,
Joseph Crane,RESEARCH ASSISSTANT,CS,CS_95@iith.ac.in,CS_95,8965697033,5,
Evan Foster,RESEARCH ASSISSTANT,CS,CS_96@iith.ac.in,CS_96,7813272554,2,
Kevin Russell,RESEARCH ASSISSTANT,CS,CS_97@iith.ac.in,CS_97,9571092664,1,
Joy Mejia,RESEARCH ASSISSTANT,CS,CS_98@iith.ac.in,CS_98,7630032813,3,
Brittany Sullivan,STUDENT,AI,AI_0@iith.ac.in,AI_0,6046146671,1,
Kenneth Simmons,STUDENT,AI,AI_1@iith.ac.in,AI_1,9227541557,3,
Kara Donovan,STUDENT,AI,AI_2@iith.ac.in,AI_2,6614821490,3,
Jessica Cameron,STUDENT,AI,AI_3@iith.ac.in,AI_3,6066252262,2,
Michelle Williams,STUDENT,AI,AI_4@iith.ac.in,AI_4,6781017824,1,
Kyle Mathews,STUDENT,AI,AI_5@iith.ac.in,AI_5,9857966075,4,
Gail Price,STUDENT,AI,AI_6@iith.ac.in,AI_6,7688352748,5,
Tina Daugherty,STUDENT,AI,AI_7@iith.ac.in,AI_7,7615566864,3,
Susan Cox,STUDENT,AI,AI_8@iith.ac.in,AI_8,8424250926,4,
John Kirby,STUDENT,AI,AI_9@iith.ac.in,AI_9,8003903696,2,
Michelle Pierce,STUDENT,AI,AI_10@iith.ac.in,AI_10,9447987175,1,
Dana Myers,STUDENT,AI,AI_11@iith.ac.in,AI_11,9527840276,1,
Christopher Collins,STUDENT,AI,AI_12@iith.ac.in,AI_12,7061370539,2,
Bruce Perry,STUDENT,AI,AI_13@iith.ac.in,AI_13,9712410160,1,
Mckenzie Green,STUDENT,AI,AI_14@iith.ac.in,AI_14,9885479799,1,
Samuel Kelly,STUDENT,AI,AI_15@iith.ac.in,AI_15,7664977566,1,
Bruce Dominguez,STUDENT,AI,AI_16@iith.ac.in,AI_16,7790524312,4,
Peter Moore,STUDENT,AI,AI_17@iith.ac.in,AI_17,6024784214,3,
Edward Long,STUDENT,AI,AI_18@iith.ac.in,AI_18,7067802017,1,
Emily Brooks,STUDENT,AI,AI_19@iith.ac.in,AI_19,8064996511,1,
Rebecca Cox,STUDENT,AI,AI_20@iith.ac.in,AI_20,6142844107,2,
Laura Simpson,STUDENT,AI,AI_21@iith.ac.in,AI_21,7983866204,5,
Robert Bryant,STUDENT,AI,AI_22@iith.ac.in,AI_22,8700262932,2,
Brian Ball,STUDENT,AI,AI_23@iith.ac.in,AI_23,8502341645,3,
Michael Nelson,STUDENT,AI,AI_24@iith.ac.in,AI_24,8709492143,4,
Jamie Mosley,STUDENT,AI,AI_25@iith.ac.in,AI_25,6166815936,1,
James Martinez,STUDENT,AI,AI_26@iith.ac.in,AI_26,8162403627,5,
Charles Becker,STUDENT,AI,AI_27@iith.ac.in,AI_27,9455326818,5,
Brandon Frank,STUDENT,AI,AI_28@iith.ac.in,AI_28,7701606246,5,
Laura Hall DVM,STUDENT,AI,AI_29@iith.ac.in,AI_29,9268582270,3,
Gina Torres,STUDENT,AI,AI_30@iith.ac.in,AI_30,8661352062,3,
Jerry Mack,STUDENT,AI,AI_31@iith.ac.in,AI_31,8046405404,4,
Daniel Thomas,STUDENT,AI,AI_32@iith.ac.in,AI_32,8069823241,3,
Danielle Ramos,STUDENT,AI,AI_33@iith.ac.in,AI_33,6013100303,2,
Marissa Jackson,STUDENT,AI,AI_34@iith.ac.in,AI_34,7590625330,3,
Noah Johnson,STUDENT,AI,AI_35@iith.ac.in,AI_35,6872670222,2,
Carrie Schmitt,STUDENT,AI,AI_36@iith.ac.in,AI_36,9782564298,3,
Joseph Barker,STUDENT,AI,AI_37@iith.ac.in,AI_37,8532202927,1,
Thomas Guerra,STUDENT,AI,AI_38@iith.ac.in,AI_38,7807694540,1,
Tonya Miller,STUDENT,AI,AI_39@iith.ac.in,AI_39,9496422957,3,
Howard Mcdaniel,STUDENT,AI,AI_40@iith.ac.in,AI_40,9370703229,3,
Joyce Park,STUDENT,AI,AI_41@iith.ac.in,AI_41,7597143344,2,
Joseph Braun,STUDENT,AI,AI_42@iith.ac.in,AI_42,8574038904,1,
Cristian Wall,STUDENT,AI,AI_43@iith.ac.in,AI_43,8259138920,1,
Paul Williams,STUDENT,AI,AI_44@iith.ac.in,AI_44,6083449572,5,
William Freeman,STUDENT,AI,AI_45@iith.ac.in,AI_45,7350265597,4,
Joseph Mcneil,STUDENT,AI,AI_46@iith.ac.in,AI_46,7451875119,1,
Robert Boyd,STUDENT,AI,AI_47@iith.ac.in,AI_47,7225095381,5,
Michael Hamilton,STUDENT,AI,AI_48@iith.ac.in,AI_48,6626348006,4,
Ricardo Stewart DDS,STUDENT,AI,AI_49@iith.ac.in,AI_49,6359938638,1,
Holly Sherman,STUDENT,AI,AI_50@iith.ac.in,AI_50,9870431941,3,
Samantha Harrison,STUDENT,AI,AI_51@iith.ac.in,AI_51,9786583942,2,
Patricia Wilkins,STUDENT,AI,AI_52@iith.ac.in,AI_52,8408060728,4,
Daniel Collins,STUDENT,AI,AI_53@iith.ac.in,AI_53,8044374600,1,
Mark Payne,STUDENT,AI,AI_54@iith.ac.in,AI_54,6603489838,2,
Nicholas Williams,STUDENT,AI,AI_55@iith.ac.in,AI_55,7045135931,2,
Barbara Warren,STUDENT,AI,AI_56@iith.ac.in,AI_56,6637650243,2,
John Howard,STUDENT,AI,AI_57@iith.ac.in,AI_57,9303898665,2,
Gregory Olson,STUDENT,AI,AI_58@iith.ac.in,AI_58,6301245296,1,
Allen Cooper,STUDENT,AI,AI_59@iith.ac.in,AI_59,9919382776,1,
Pamela Jones,STUDENT,AI,AI_60@iith.ac.in,AI_60,8645237398,3,
Robyn Bryant,STUDENT,AI,AI_61@iith.ac.in,AI_61,7999583288,1,
Tracy Baldwin,STUDENT,AI,AI_62@iith.ac.in,AI_62,7780053352,2,
William Pena,STUDENT,AI,AI_63@iith.ac.in,AI_63,9836636379,2,
Michael Ray,STUDENT,AI,AI_64@iith.ac.in,AI_64,8492291057,2,
David Stewart,STUDENT,AI,AI_65@iith.ac.in,AI_65,7017831103,1,
Russell Beasley,STUDENT,AI,AI_66@iith.ac.in,AI_66,8583779420,2,
Brandi King,STUDENT,AI,AI_67@iith.ac.in,AI_67,6608640859,5,
Adam Vargas,STUDENT,AI,AI_68@iith.ac.in,AI_68,6305477615,5,
Shelly Dickson DVM,STUDENT,AI,AI_69@iith.ac.in,AI_69,9592641645,3,
Eric Chavez,STUDENT,AI,AI_70@iith.ac.in,AI_70,8148254032,2,
Daniel Faulkner,STUDENT,AI,AI_71@iith.ac.in,AI_71,7285140209,3,
Mary Moreno,STUDENT,AI,AI_72@iith.ac.in,AI_72,8454530936,4,
Harry Mendoza,STUDENT,AI,AI_73@iith.ac.in,AI_73,8639142843,3,
Daniel Smith,RESEARCH ASSISSTANT,AI,AI_74@iith.ac.in,AI_74,6460916600,2,
Heather Johnson,RESEARCH ASSISSTANT,AI,AI_75@iith.ac.in,AI_75,7116319791,3,
Brandon Davis,RESEARCH ASSISSTANT,AI,AI_76@iith.ac.in,AI_76,9323350446,4,
Anthony Wright,RESEARCH ASSISSTANT,AI,AI_77@iith.ac.in,AI_77,7091620388,1,
Eric Orr,RESEARCH ASSISSTANT,AI,AI_78@iith.ac.in,AI_78,6557303574,5,
Teresa Henderson,RESEARCH ASSISSTANT,AI,AI_79@iith.ac.in,AI_79,7428893816,1,
Sheila Matthews,RESEARCH ASSISSTANT,AI,AI_80@iith.ac.in,AI_80,8137095027,2,
Joseph Mason,RESEARCH ASSISSTANT,AI,AI_81@iith.ac.in,AI_81,7857277373,4,
Diana Miller,RESEARCH ASSISSTANT,AI,AI_82@iith.ac.in,AI_82,8140253733,5,
Zachary Wheeler,RESEARCH ASSISSTANT,AI,AI_83@iith.ac.in,AI_83,8682634955,3,
Rebecca Roberts,RESEARCH ASSISSTANT,AI,AI_84@iith.ac.in,AI_84,6232683047,2,
Derek Carr,RESEARCH ASSISSTANT,AI,AI_85@iith.ac.in,AI_85,9453402622,4,
Keith Pratt,RESEARCH ASSISSTANT,AI,AI_86@iith.ac.in,AI_86,7031174217,3,
Kellie King MD,RESEARCH ASSISSTANT,AI,AI_87@iith.ac.in,AI_87,7858263070,5,
Meredith Craig,RESEARCH ASSISSTANT,AI,AI_88@iith.ac.in,AI_88,6366910558,4,
Richard Andrews,STUDENT,BM,BM_0@iith.ac.in,BM_0,9760907797,3,
Dr. Stephanie Walker,STUDENT,BM,BM_1@iith.ac.in,BM_1,7789731106,2,
Christopher Reynolds,STUDENT,BM,BM_2@iith.ac.in,BM_2,9168020750,3,
Joshua West,STUDENT,BM,BM_3@iith.ac.in,BM_3,8317992996,5,
Ronald Chang,STUDENT,BM,BM_4@iith.ac.in,BM_4,7456734517,3,
Kent Simmons PhD,STUDENT,BM,BM_5@iith.ac.in,BM_5,7450522232,5,
Jessica Stephenson,STUDENT,BM,BM_6@iith.ac.in,BM_6,8234810854,5,
Andrew Watkins,STUDENT,BM,BM_7@iith.ac.in,BM_7,6569815993,1,
Jack Kent,STUDENT,BM,BM_8@iith.ac.in,BM_8,8672885452,3,
Lauren Brown,STUDENT,BM,BM_9@iith.ac.in,BM_9,9860628174,2,
Tyler Morales,STUDENT,BM,BM_10@iith.ac.in,BM_10,7464261314,2,
Michael Lee,STUDENT,BM,BM_11@iith.ac.in,BM_11,6118019724,1,
Erin Jones,STUDENT,BM,BM_12@iith.ac.in,BM_12,7561279842,3,
Thomas Roberts,STUDENT,BM,BM_13@iith.ac.in,BM_13,8394927441,4,
Christopher Hughes,STUDENT,BM,BM_14@iith.ac.in,BM_14,6594574466,3,
Sean Ramirez,STUDENT,BM,BM_15@iith.ac.in,BM_15,8777598966,5,
James Baker,STUDENT,BM,BM_16@iith.ac.in,BM_16,7347285340,1,
Jessica Phillips,STUDENT,BM,BM_17@iith.ac.in,BM_17,7270033604,5,
Christopher Parker,STUDENT,BM,BM_18@iith.ac.in,BM_18,6329881118,1,
Deanna Malone,STUDENT,BM,BM_19@iith.ac.in,BM_19,6866610156,4,
Eugene Lopez,STUDENT,BM,BM_20@iith.ac.in,BM_20,8520252704,1,
Mary Mcgee,STUDENT,BM,BM_21@iith.ac.in,BM_21,9726224155,1,
Melissa Walsh,STUDENT,BM,BM_22@iith.ac.in,BM_22,6613396608,2,
Diane Peters,STUDENT,BM,BM_23@iith.ac.in,BM_23,7381945650,2,
Randall Roman,STUDENT,BM,BM_24@iith.ac.in,BM_24,8670814245,1,
Jesus Jones,STUDENT,BM,BM_25@iith.ac.in,BM_25,7915467948,3,
Mrs. Brittany Boyd,STUDENT,BM,BM_26@iith.ac.in,BM_26,9482083098,2,
Gregory Nguyen,STUDENT,BM,BM_27@iith.ac.in,BM_27,9602930272,5,
Lauren Curry,STUDENT,BM,BM_28@iith.ac.in,BM_28,6925040683,4,
Kimberly Gallagher,STUDENT,BM,BM_29@iith.ac.in,BM_29,6716848944,3,
Mario Garcia,STUDENT,BM,BM_30@iith.ac.in,BM_30,9279223964,2,
Alex Moore,STUDENT,BM,BM_31@iith.ac.in,BM_31,7190628298,2,
Alex Jackson,STUDENT,BM,BM_32@iith.ac.in,BM_32,9820101254,4,
Joshua Blankenship,STUDENT,BM,BM_33@iith.ac.in,BM_33,9710100623,4,
Jamie Lopez,STUDENT,BM,BM_34@iith.ac.in,BM_34,7075829352,4,
Lindsay Fitzgerald,STUDENT,BM,BM_35@iith.ac.in,BM_35,6804427569,5,
Deanna Kelly,STUDENT,BM,BM_36@iith.ac.in,BM_36,6826602165,4,
Edwin Perez,STUDENT,BM,BM_37@iith.ac.in,BM_37,7324479391,2,
Jennifer Watson,STUDENT,BM,BM_38@iith.ac.in,BM_38,9965021339,4,
Brooke Murray,STUDENT,BM,BM_39@iith.ac.in,BM_39,7754673365,1,
Jennifer Brown,STUDENT,BM,BM_40@iith.ac.in,BM_40,9461504768,5,
Corey Morris,STUDENT,BM,BM_41@iith.ac.in,BM_41,8283205031,5,
Cody Roth,STUDENT,BM,BM_42@iith.ac.in,BM_42,7357922906,1,
Tracy Davis,STUDENT,BM,BM_43@iith.ac.in,BM_43,8017086911,4,
Amanda Rice,STUDENT,BM,BM_44@iith.ac.in,BM_44,9952231560,1,
William Sanchez,STUDENT,BM,BM_45@iith.ac.in,BM_45,9267648860,2,
Christian Smith,STUDENT,BM,BM_46@iith.ac.in,BM_46,8848888666,1,
Felicia Ortiz,STUDENT,BM,BM_47@iith.ac.in,BM_47,6318452121,5,
Kevin Kemp,STUDENT,BM,BM_48@iith.ac.in,BM_48,9317904081,1,
Ronald Brown,STUDENT,BM,BM_49@iith.ac.in,BM_49,8918827253,5,
Robin Mcgrath,STUDENT,BM,BM_50@iith.ac.in,BM_50,7557240674,2,
Kathleen Arellano,STUDENT,BM,BM_51@iith.ac.in,BM_51,7082417697,3,
Megan Rivera MD,STUDENT,BM,BM_52@iith.ac.in,BM_52,9198550071,5,
Zachary James,STUDENT,BM,BM_53@iith.ac.in,BM_53,9422162117,1,
Stacey Parker,STUDENT,BM,BM_54@iith.ac.in,BM_54,7017975114,5,
Corey Henderson,STUDENT,BM,BM_55@iith.ac.in,BM_55,9679509684,1,
Brian Harvey,STUDENT,BM,BM_56@iith.ac.in,BM_56,9084977591,3,
Rebecca Finley,STUDENT,BM,BM_57@iith.ac.in,BM_57,8769697849,4,
Scott Spence,STUDENT,BM,BM_58@iith.ac.in,BM_58,8614226603,2,
Tyler Faulkner,STUDENT,BM,BM_59@iith.ac.in,BM_59,9976060244,1,
Anthony Miller,STUDENT,BM,BM_60@iith.ac.in,BM_60,6830453966,3,
Megan Patterson,STUDENT,BM,BM_61@iith.ac.in,BM_61,9748401691,3,
Vanessa Hickman,STUDENT,BM,BM_62@iith.ac.in,BM_62,7588481301,2,
Ronald Lawrence,STUDENT,BM,BM_63@iith.ac.in,BM_63,9510065799,1,
Lawrence Hughes,STUDENT,BM,BM_64@iith.ac.in,BM_64,7490004830,5,
Richard Miller,STUDENT,BM,BM_65@iith.ac.in,BM_65,8053655353,1,
Phyllis Watson,STUDENT,BM,BM_66@iith.ac.in,BM_66,7876479527,1,
Jacqueline Morris,STUDENT,BM,BM_67@iith.ac.in,BM_67,7742596701,3,
Kelsey Newman,STUDENT,BM,BM_68@iith.ac.in,BM_68,7823796249,3,
Robert Brown,STUDENT,BM,BM_69@iith.ac.in,BM_69,9872764804,4,
Melissa Rogers,STUDENT,BM,BM_70@iith.ac.in,BM_70,6745243789,3,
Michael Freeman,STUDENT,BM,BM_71@iith.ac.in,BM_71,9762661726,1,
Susan Smith,STUDENT,BM,BM_72@iith.ac.in,BM_72,9645978998,3,
Taylor Johnson,STUDENT,BM,BM_73@iith.ac.in,BM_73,7544895843,3,
William Adams,STUDENT,BM,BM_74@iith.ac.in,BM_74,6659790498,2,
Colin Elliott,STUDENT,BM,BM_75@iith.ac.in,BM_75,6026863923,5,
Amanda White,STUDENT,BM,BM_76@iith.ac.in,BM_76,7612032647,1,
Jill Kim,STUDENT,BM,BM_77@iith.ac.in,BM_77,6740855813,4,
Rebecca Woods,STUDENT,BM,BM_78@iith.ac.in,BM_78,7485556638,2,
Michael Lee,STUDENT,BM,BM_79@iith.ac.in,BM_79,7958162855,1,
Angela Castaneda,STUDENT,BM,BM_80@iith.ac.in,BM_80,9878017783,2,
Margaret Osborne,STUDENT,BM,BM_81@iith.ac.in,BM_81,7676840347,2,
Dennis Tucker,RESEARCH ASSISSTANT,BM,BM_82@iith.ac.in,BM_82,8710391324,5,
Drew Crawford,RESEARCH ASSISSTANT,BM,BM_83@iith.ac.in,BM_83,7697639012,3,
James Miller,RESEARCH ASSISSTANT,BM,BM_84@iith.ac.in,BM_84,8257353708,5,
Corey Gonzalez,RESEARCH ASSISSTANT,BM,BM_85@iith.ac.in,BM_85,6277629340,3,
Dominique Montes,RESEARCH ASSISSTANT,BM,BM_86@iith.ac.in,BM_86,8755804283,4,
Paula Good,RESEARCH ASSISSTANT,BM,BM_87@iith.ac.in,BM_87,8875067649,3,
Ebony Cardenas,RESEARCH ASSISSTANT,BM,BM_88@iith.ac.in,BM_88,7251830580,5,
Stephanie Jacobs,RESEARCH ASSISSTANT,BM,BM_89@iith.ac.in,BM_89,8996793607,4,
Benjamin Vazquez,RESEARCH ASSISSTANT,BM,BM_90@iith.ac.in,BM_90,7713542705,3,
Paul Wolfe,RESEARCH ASSISSTANT,BM,BM_91@iith.ac.in,BM_91,7534400199,2,
Virginia Norman,RESEARCH ASSISSTANT,BM,BM_92@iith.ac.in,BM_92,8294781082,2,
Andre Davis,RESEARCH ASSISSTANT,BM,BM_93@iith.ac.in,BM_93,7858309621,5,
Kathryn Mcknight,RESEARCH ASSISSTANT,BM,BM_94@iith.ac.in,BM_94,9794630466,4,
Robert Mata,RESEARCH ASSISSTANT,BM,BM_95@iith.ac.in,BM_95,9226035363,5,
Craig White,RESEARCH ASSISSTANT,BM,BM_96@iith.ac.in,BM_96,8343717903,5,
Charles Jackson,RESEARCH ASSISSTANT,BM,BM_97@iith.ac.in,BM_97,6078378789,4,
Amanda Butler,RESEARCH ASSISSTANT,BM,BM_98@iith.ac.in,BM_98,9254173319,1,
Deanna Shea,RESEARCH ASSISSTANT,BM,BM_99@iith.ac.in,BM_99,6965463196,5,
Abigail Brown,RESEARCH ASSISSTANT,BM,BM_100@iith.ac.in,BM_100,6315621469,5,
Theresa Jackson,RESEARCH ASSISSTANT,BM,BM_101@iith.ac.in,BM_101,7288709536,3,
Denise Robertson,RESEARCH ASSISSTANT,BM,BM_102@iith.ac.in,BM_102,7870365788,3,
Amy Neal,RESEARCH ASSISSTANT,BM,BM_103@iith.ac.in,BM_103,9388277723,1,
Ronald Eaton,RESEARCH ASSISSTANT,BM,BM_104@iith.ac.in,BM_104,7661723585,4,
Shawn Roth,RESEARCH ASSISSTANT,BM,BM_105@iith.ac.in,BM_105,6556730961,2,
Tyler Foley,RESEARCH ASSISSTANT,BM,BM_106@iith.ac.in,BM_106,6311234743,4,
Jennifer Gutierrez,RESEARCH ASSISSTANT,BM,BM_107@iith.ac.in,BM_107,6324182203,2,
Robin Maddox,RESEARCH ASSISSTANT,BM,BM_108@iith.ac.in,BM_108,7011194337,5,
William Gill,RESEARCH ASSISSTANT,BM,BM_109@iith.ac.in,BM_109,6953361650,3,
Marissa Welch,RESEARCH ASSISSTANT,BM,BM_110@iith.ac.in,BM_110,8527145185,2,
Ernest Byrd,RESEARCH ASSISSTANT,BM,BM_111@iith.ac.in,BM_111,6630318846,4,
Thomas Dyer,RESEARCH ASSISSTANT,BM,BM_112@iith.ac.in,BM_112,8703868122,1,
Patricia Gray,RESEARCH ASSISSTANT,BM,BM_113@iith.ac.in,BM_113,8590730192,4,
John Lee,RESEARCH ASSISSTANT,BM,BM_114@iith.ac.in,BM_114,9861942252,3,
Leslie Atkins,RESEARCH ASSISSTANT,BM,BM_115@iith.ac.in,BM_115,8644860165,3,
Robert Wolfe,RESEARCH ASSISSTANT,BM,BM_116@iith.ac.in,BM_116,7415596250,3,
Alicia Townsend,RESEARCH ASSISSTANT,BM,BM_117@iith.ac.in,BM_117,8160911048,4,
Adam York,RESEARCH ASSISSTANT,BM,BM_118@iith.ac.in,BM_118,6935670899,4,
Jeremy Hayes,RESEARCH ASSISSTANT,BM,BM_119@iith.ac.in,BM_119,7013070024,2,
Gabriel Gould,RESEARCH ASSISSTANT,BM,BM_120@iith.ac.in,BM_120,7131861773,5,
Cody Miller,RESEARCH ASSISSTANT,BM,BM_121@iith.ac.in,BM_121,9454774247,5,
Sheila Harvey,RESEARCH ASSISSTANT,BM,BM_122@iith.ac.in,BM_122,9842204423,3,
Katherine Stephens DVM,RESEARCH ASSISSTANT,BM,BM_123@iith.ac.in,BM_123,7267221502,3,
Zoe Tran,RESEARCH ASSISSTANT,BM,BM_124@iith.ac.in,BM_124,9666295866,5,
Joshua Collins,RESEARCH ASSISSTANT,BM,BM_125@iith.ac.in,BM_125,6451784595,3,
Toni Wilson,RESEARCH ASSISSTANT,BM,BM_126@iith.ac.in,BM_126,7913858640,5,
Vanessa Martin,RESEARCH ASSISSTANT,BM,BM_127@iith.ac.in,BM_127,8358403324,4,
Courtney Mayo,RESEARCH ASSISSTANT,BM,BM_128@iith.ac.in,BM_128,6488406293,3,
Victoria Raymond,RESEARCH ASSISSTANT,BM,BM_129@iith.ac.in,BM_129,8546258556,2,
Robert Yates,RESEARCH ASSISSTANT,BM,BM_130@iith.ac.in,BM_130,6738388559,5,
John Horton,RESEARCH ASSISSTANT,BM,BM_131@iith.ac.in,BM_131,6136498062,4,
Martin Duffy,RESEARCH ASSISSTANT,BM,BM_132@iith.ac.in,BM_132,7260424169,3,
Jason Williams,RESEARCH ASSISSTANT,BM,BM_133@iith.ac.in,BM_133,6800056303,4,
Gregory Jennings,RESEARCH ASSISSTANT,BM,BM_134@iith.ac.in,BM_134,9065956764,3,
Elizabeth Daniels,RESEARCH ASSISSTANT,BM,BM_135@iith.ac.in,BM_135,8448748800,3,
Kathryn Moreno,RESEARCH ASSISSTANT,BM,BM_136@iith.ac.in,BM_136,8271801446,4,
William Rogers,RESEARCH ASSISSTANT,BM,BM_137@iith.ac.in,BM_137,8596266511,5,
Kimberly Williams PhD,RESEARCH ASSISSTANT,BM,BM_138@iith.ac.in,BM_138,7886397269,4,
Jenna Howell,RESEARCH ASSISSTANT,BM,BM_139@iith.ac.in,BM_139,8667698964,5,
Logan Wu,RESEARCH ASSISSTANT,BM,BM_140@iith.ac.in,BM_140,6886997030,2,
Carrie Santiago,RESEARCH ASSISSTANT,BM,BM_141@iith.ac.in,BM_141,7226964427,2,
Roger Cook,STUDENT,EE,EE_0@iith.ac.in,EE_0,7998704160,1,
Sarah Cantu,STUDENT,EE,EE_1@iith.ac.in,EE_1,7203874514,1,
Emily Dougherty,STUDENT,EE,EE_2@iith.ac.in,EE_2,7122010463,5,
Tracy Snyder,STUDENT,EE,EE_3@iith.ac.in,EE_3,6004311513,2,
Michele Drake,STUDENT,EE,EE_4@iith.ac.in,EE_4,6981132904,3,
Jasmine Jenkins,STUDENT,EE,EE_5@iith.ac.in,EE_5,9943821033,5,
Darryl Stevens,STUDENT,EE,EE_6@iith.ac.in,EE_6,9597673896,5,
Catherine Keith,STUDENT,EE,EE_7@iith.ac.in,EE_7,6710014949,1,
Shelly Oliver,STUDENT,EE,EE_8@iith.ac.in,EE_8,9906285596,5,
Wesley Powers,STUDENT,EE,EE_9@iith.ac.in,EE_9,6858864209,1,
Justin Rivera,STUDENT,EE,EE_10@iith.ac.in,EE_10,9352810545,5,
Eddie Hughes,STUDENT,EE,EE_11@iith.ac.in,EE_11,8458790323,5,
John Morrow,STUDENT,EE,EE_12@iith.ac.in,EE_12,7543918675,5,
Erin Jones,STUDENT,EE,EE_13@iith.ac.in,EE_13,7236304581,2,
Bradley Price,STUDENT,EE,EE_14@iith.ac.in,EE_14,8868457969,4,
Lori Castillo,STUDENT,EE,EE_15@iith.ac.in,EE_15,6359622302,1,
Matthew Moore,STUDENT,EE,EE_16@iith.ac.in,EE_16,9020101802,3,
Benjamin Lopez,STUDENT,EE,EE_17@iith.ac.in,EE_17,7470519084,3,
Brian Rodriguez,STUDENT,EE,EE_18@iith.ac.in,EE_18,6952806454,3,
Jason Perez,STUDENT,EE,EE_19@iith.ac.in,EE_19,6705282025,1,
Brenda Mendez,STUDENT,EE,EE_20@iith.ac.in,EE_20,8312648730,5,
Jeffrey Mccoy,STUDENT,EE,EE_21@iith.ac.in,EE_21,6960522668,4,
Julie Fitzgerald,STUDENT,EE,EE_22@iith.ac.in,EE_22,8353846262,3,
Gregory Jacobson,STUDENT,EE,EE_23@iith.ac.in,EE_23,8317090943,4,
Dustin Norris,STUDENT,EE,EE_24@iith.ac.in,EE_24,7738451575,2,
Alexis Lee,STUDENT,EE,EE_25@iith.ac.in,EE_25,6049845379,2,
Elizabeth Hayes,STUDENT,EE,EE_26@iith.ac.in,EE_26,8318230058,4,
Lynn Pearson,STUDENT,EE,EE_27@iith.ac.in,EE_27,9713477787,3,
Donald Lewis,STUDENT,EE,EE_28@iith.ac.in,EE_28,8438995207,2,
Yvonne Zavala,STUDENT,EE,EE_29@iith.ac.in,EE_29,8250923559,4,
Belinda Chapman,STUDENT,EE,EE_30@iith.ac.in,EE_30,7643556247,1,
Barbara Williams,STUDENT,EE,EE_31@iith.ac.in,EE_31,8439397996,4,
Sarah Lopez,STUDENT,EE,EE_32@iith.ac.in,EE_32,7662929343,3,
Amy Salinas,STUDENT,EE,EE_33@iith.ac.in,EE_33,6493935730,3,
Peter Tapia,STUDENT,EE,EE_34@iith.ac.in,EE_34,6724621284,4,
Jennifer Randall MD,STUDENT,EE,EE_35@iith.ac.in,EE_35,6319425565,5,
Michael Jimenez,STUDENT,EE,EE_36@iith.ac.in,EE_36,8999768952,1,
Katherine Mcneil,STUDENT,EE,EE_37@iith.ac.in,EE_37,9559668463,3,
George Delgado,STUDENT,EE,EE_38@iith.ac.in,EE_38,9564903472,2,
Ashley Lara,STUDENT,EE,EE_39@iith.ac.in,EE_39,7885760011,5,
Laura Thompson,STUDENT,EE,EE_40@iith.ac.in,EE_40,8188270646,1,
Jeffery Dudley,RESEARCH ASSISSTANT,EE,EE_41@iith.ac.in,EE_41,8822656077,5,
Jordan Howard,RESEARCH ASSISSTANT,EE,EE_42@iith.ac.in,EE_42,7300397925,4,
Travis Richardson,RESEARCH ASSISSTANT,EE,EE_43@iith.ac.in,EE_43,9919045050,2,
Tiffany Salinas,RESEARCH ASSISSTANT,EE,EE_44@iith.ac.in,EE_44,6521988947,1,
Michael Jackson,RESEARCH ASSISSTANT,EE,EE_45@iith.ac.in,EE_45,8700417584,1,
Noah Perez,RESEARCH ASSISSTANT,EE,EE_46@iith.ac.in,EE_46,9540962321,1,
Christine Alexander,RESEARCH ASSISSTANT,EE,EE_47@iith.ac.in,EE_47,8528416718,4,
Jessica Snyder,RESEARCH ASSISSTANT,EE,EE_48@iith.ac.in,EE_48,9283592584,4,
Jeffery Santos,RESEARCH ASSISSTANT,EE,EE_49@iith.ac.in,EE_49,6459883293,5,
David Ball,RESEARCH ASSISSTANT,EE,EE_50@iith.ac.in,EE_50,6937524669,4,
Jack Green,STUDENT,ME,ME_0@iith.ac.in,ME_0,6580672101,3,
Tamara Johnson,STUDENT,ME,ME_1@iith.ac.in,ME_1,8838014103,3,
Emily Green,STUDENT,ME,ME_2@iith.ac.in,ME_2,7866932887,5,
Robin Norris,STUDENT,ME,ME_3@iith.ac.in,ME_3,9544867073,5,
Laura Murray,STUDENT,ME,ME_4@iith.ac.in,ME_4,7487852839,2,
James Stephens,STUDENT,ME,ME_5@iith.ac.in,ME_5,6311860021,4,
Brendan Vaughn,STUDENT,ME,ME_6@iith.ac.in,ME_6,8922223506,3,
Brianna Bauer,STUDENT,ME,ME_7@iith.ac.in,ME_7,9064746195,5,
Rebecca Lewis,STUDENT,ME,ME_8@iith.ac.in,ME_8,8383584895,5,
Nicole Rangel,STUDENT,ME,ME_9@iith.ac.in,ME_9,8140942851,5,
Jessica Barber,STUDENT,ME,ME_10@iith.ac.in,ME_10,9597795099,5,
Tiffany Frazier,STUDENT,ME,ME_11@iith.ac.in,ME_11,9536740819,4,
John Cummings,STUDENT,ME,ME_12@iith.ac.in,ME_12,6117955259,2,
John Wiley,STUDENT,ME,ME_13@iith.ac.in,ME_13,9179686530,2,
Katherine Terry,STUDENT,ME,ME_14@iith.ac.in,ME_14,8569212416,4,
Sarah Anderson,STUDENT,ME,ME_15@iith.ac.in,ME_15,6219625759,4,
Pamela Stevens,STUDENT,ME,ME_16@iith.ac.in,ME_16,8182517123,1,
Donna Fields,STUDENT,ME,ME_17@iith.ac.in,ME_17,7810484227,3,
Leonard Long,STUDENT,ME,ME_18@iith.ac.in,ME_18,9072068983,3,
Teresa Schneider,STUDENT,ME,ME_19@iith.ac.in,ME_19,8958188785,1,
Shannon Fuller,STUDENT,ME,ME_20@iith.ac.in,ME_20,7946791045,1,
Crystal Duke,STUDENT,ME,ME_21@iith.ac.in,ME_21,7545488293,5,
Natasha Bullock,STUDENT,ME,ME_22@iith.ac.in,ME_22,9101406283,2,
Noah Mcdonald,STUDENT,ME,ME_23@iith.ac.in,ME_23,9153144877,1,
Mark Thompson,STUDENT,ME,ME_24@iith.ac.in,ME_24,7063254257,1,
Thomas Gordon PhD,STUDENT,ME,ME_25@iith.ac.in,ME_25,8388815335,3,
Felicia Mullen,STUDENT,ME,ME_26@iith.ac.in,ME_26,8027704756,4,
Michele Howard,STUDENT,ME,ME_27@iith.ac.in,ME_27,9428196587,4,
Alan Mason,STUDENT,ME,ME_28@iith.ac.in,ME_28,8344688813,3,
Tony Gonzalez,STUDENT,ME,ME_29@iith.ac.in,ME_29,6359061729,5,
Kari Lam,STUDENT,ME,ME_30@iith.ac.in,ME_30,8949648536,2,
Amy Ward,STUDENT,ME,ME_31@iith.ac.in,ME_31,8806272026,3,
Erik Peterson,STUDENT,ME,ME_32@iith.ac.in,ME_32,9748645734,5,
Edward Baker,STUDENT,ME,ME_33@iith.ac.in,ME_33,7179866536,5,
Jennifer Phillips,STUDENT,ME,ME_34@iith.ac.in,ME_34,8621257262,1,
Christopher Graham,STUDENT,ME,ME_35@iith.ac.in,ME_35,9881401099,5,
Erik Miller,STUDENT,ME,ME_36@iith.ac.in,ME_36,7439207464,3,
Yolanda Rogers,STUDENT,ME,ME_37@iith.ac.in,ME_37,7701102696,4,
Janet Phelps,STUDENT,ME,ME_38@iith.ac.in,ME_38,8765738271,3,
Ian Cameron,STUDENT,ME,ME_39@iith.ac.in,ME_39,8759350079,1,
Johnathan Adams,STUDENT,ME,ME_40@iith.ac.in,ME_40,8577416111,1,
Danielle Allen,STUDENT,ME,ME_41@iith.ac.in,ME_41,9418006487,1,
Matthew Berry,RESEARCH ASSISSTANT,ME,ME_42@iith.ac.in,ME_42,8684329647,3,
Jonathan Green,RESEARCH ASSISSTANT,ME,ME_43@iith.ac.in,ME_43,8479637128,3,
Patricia Jones,RESEARCH ASSISSTANT,ME,ME_44@iith.ac.in,ME_44,6097415874,1,
Andrew Parker,RESEARCH ASSISSTANT,ME,ME_45@iith.ac.in,ME_45,7481682714,4,
Danielle Drake,RESEARCH ASSISSTANT,ME,ME_46@iith.ac.in,ME_46,9859636169,4,
Morgan Stone,RESEARCH ASSISSTANT,ME,ME_47@iith.ac.in,ME_47,9337699779,2,
Rachel Brown,RESEARCH ASSISSTANT,ME,ME_48@iith.ac.in,ME_48,8070266594,1,
Deborah Thompson,RESEARCH ASSISSTANT,ME,ME_49@iith.ac.in,ME_49,9169699773,1,
Jo Walton,RESEARCH ASSISSTANT,ME,ME_50@iith.ac.in,ME_50,8093421809,5,
Christopher Stone,RESEARCH ASSISSTANT,ME,ME_51@iith.ac.in,ME_51,7691984269,2,
Daniel Robbins,RESEARCH ASSISSTANT,ME,ME_52@iith.ac.in,ME_52,6999617216,3,
Erika Young,RESEARCH ASSISSTANT,ME,ME_53@iith.ac.in,ME_53,6847618103,4,
Sylvia Nichols,RESEARCH ASSISSTANT,ME,ME_54@iith.ac.in,ME_54,6650378561,3,
Jesse Thomas,RESEARCH ASSISSTANT,ME,ME_55@iith.ac.in,ME_55,6568535979,5,
Clayton Clayton,RESEARCH ASSISSTANT,ME,ME_56@iith.ac.in,ME_56,9018965385,2,
Elizabeth Smith,RESEARCH ASSISSTANT,ME,ME_57@iith.ac.in,ME_57,6104282273,5,
Seth Ferrell,RESEARCH ASSISSTANT,ME,ME_58@iith.ac.in,ME_58,6512602400,4,
Brett Wong,RESEARCH ASSISSTANT,ME,ME_59@iith.ac.in,ME_59,7996984659,4,
Karen Powell,RESEARCH ASSISSTANT,ME,ME_60@iith.ac.in,ME_60,9489340999,2,
Stephanie Mason,RESEARCH ASSISSTANT,ME,ME_61@iith.ac.in,ME_61,8236502201,4,
Cynthia Richard,RESEARCH ASSISSTANT,ME,ME_62@iith.ac.in,ME_62,8762824979,1,
Vickie Ramos,RESEARCH ASSISSTANT,ME,ME_63@iith.ac.in,ME_63,7738004816,5,
Nicole White,RESEARCH ASSISSTANT,ME,ME_64@iith.ac.in,ME_64,8951974178,5,
Rachel Parker,RESEARCH ASSISSTANT,ME,ME_65@iith.ac.in,ME_65,7413140661,5,
Jill Snyder,STUDENT,CE,CE_0@iith.ac.in,CE_0,9380401103,1,
Jessica Davis,STUDENT,CE,CE_1@iith.ac.in,CE_1,9353920545,5,
Dillon Garcia,STUDENT,CE,CE_2@iith.ac.in,CE_2,7013408666,1,
Derek Mclaughlin,STUDENT,CE,CE_3@iith.ac.in,CE_3,6949192563,2,
Gabriela Benjamin,STUDENT,CE,CE_4@iith.ac.in,CE_4,7320804204,4,
Charles Sosa,STUDENT,CE,CE_5@iith.ac.in,CE_5,6439009628,4,
Victoria Cowan,STUDENT,CE,CE_6@iith.ac.in,CE_6,7213053857,4,
Jorge Gill,STUDENT,CE,CE_7@iith.ac.in,CE_7,7551040195,5,
Ashley Cole,STUDENT,CE,CE_8@iith.ac.in,CE_8,8039347739,5,
Lori Warren,STUDENT,CE,CE_9@iith.ac.in,CE_9,8620825254,3,
Betty Dixon,STUDENT,CE,CE_10@iith.ac.in,CE_10,9913442491,2,
Jason Barrett,STUDENT,CE,CE_11@iith.ac.in,CE_11,6084494955,4,
Martha Rogers,STUDENT,CE,CE_12@iith.ac.in,CE_12,6212537999,1,
Anthony Pennington,STUDENT,CE,CE_13@iith.ac.in,CE_13,7461878779,5,
Brian Parker,STUDENT,CE,CE_14@iith.ac.in,CE_14,6305221356,5,
Patricia Paul,STUDENT,CE,CE_15@iith.ac.in,CE_15,6487350658,4,
Scott Mitchell,STUDENT,CE,CE_16@iith.ac.in,CE_16,6793951526,5,
Denise Brewer,STUDENT,CE,CE_17@iith.ac.in,CE_17,9061402822,1,
Lisa Nguyen,STUDENT,CE,CE_18@iith.ac.in,CE_18,9882771033,3,
Melissa Torres,STUDENT,CE,CE_19@iith.ac.in,CE_19,8682815396,2,
Olivia Jones,STUDENT,CE,CE_20@iith.ac.in,CE_20,7301836833,2,
Tyler Owen,STUDENT,CE,CE_21@iith.ac.in,CE_21,6493648186,2,
George Shaw,STUDENT,CE,CE_22@iith.ac.in,CE_22,8853257623,2,
Travis Ware,STUDENT,CE,CE_23@iith.ac.in,CE_23,7239942837,4,
Pamela Barker,STUDENT,CE,CE_24@iith.ac.in,CE_24,7714945691,2,
Audrey Wells,STUDENT,CE,CE_25@iith.ac.in,CE_25,8616761473,5,
Eileen Pratt,STUDENT,CE,CE_26@iith.ac.in,CE_26,8528033121,1,
Darren Trujillo,STUDENT,CE,CE_27@iith.ac.in,CE_27,6077299980,5,
Timothy Dickson,STUDENT,CE,CE_28@iith.ac.in,CE_28,9338034881,2,
Kevin Mcintosh,STUDENT,CE,CE_29@iith.ac.in,CE_29,9386138158,4,
Michelle Dalton,STUDENT,CE,CE_30@iith.ac.in,CE_30,6292884849,3,
Daniel Oliver,STUDENT,CE,CE_31@iith.ac.in,CE_31,6467734129,3,
Jamie Garcia,STUDENT,CE,CE_32@iith.ac.in,CE_32,9496866906,5,
Brian George,STUDENT,CE,CE_33@iith.ac.in,CE_33,7923971501,5,
James Collins,STUDENT,CE,CE_34@iith.ac.in,CE_34,6460436407,1,
Thomas Hogan,STUDENT,CE,CE_35@iith.ac.in,CE_35,8334135400,1,
Vanessa Ray,STUDENT,CE,CE_36@iith.ac.in,CE_36,8461906300,3,
Pamela Ford,STUDENT,CE,CE_37@iith.ac.in,CE_37,8782595472,2,
Helen Gibson,STUDENT,CE,CE_38@iith.ac.in,CE_38,8896589975,1,
Megan Dunn,STUDENT,CE,CE_39@iith.ac.in,CE_39,8383935230,4,
Stephanie Brown,STUDENT,CE,CE_40@iith.ac.in,CE_40,9985466730,1,
Jean May,RESEARCH ASSISSTANT,CE,CE_41@iith.ac.in,CE_41,9903595797,2,
Andrew Blankenship,RESEARCH ASSISSTANT,CE,CE_42@iith.ac.in,CE_42,7047469395,4,
Timothy Cain,RESEARCH ASSISSTANT,CE,CE_43@iith.ac.in,CE_43,9898448996,5,
Kimberly Lee,RESEARCH ASSISSTANT,CE,CE_44@iith.ac.in,CE_44,6207975272,4,
Anthony White,RESEARCH ASSISSTANT,CE,CE_45@iith.ac.in,CE_45,9921175848,5,
Christina Ball,RESEARCH ASSISSTANT,CE,CE_46@iith.ac.in,CE_46,6020695756,2,
Rebecca Kerr,RESEARCH ASSISSTANT,CE,CE_47@iith.ac.in,CE_47,7367433258,4,
Rick Macias,RESEARCH ASSISSTANT,CE,CE_48@iith.ac.in,CE_48,7143759919,1,
Tim Perry,RESEARCH ASSISSTANT,CE,CE_49@iith.ac.in,CE_49,8555255745,3,
Edward Torres,RESEARCH ASSISSTANT,CE,CE_50@iith.ac.in,CE_50,9223246151,5,
Phyllis Garrison,STUDENT,MS,MS_0@iith.ac.in,MS_0,8946929098,1,
Tammy Pierce,STUDENT,MS,MS_1@iith.ac.in,MS_1,9013093644,3,
Alyssa Schmidt,STUDENT,MS,MS_2@iith.ac.in,MS_2,6482176017,5,
Miguel Morgan,STUDENT,MS,MS_3@iith.ac.in,MS_3,6768363396,2,
Jeanne Wilson,STUDENT,MS,MS_4@iith.ac.in,MS_4,8638436092,4,
Michael Costa,STUDENT,MS,MS_5@iith.ac.in,MS_5,8203841947,1,
Carol Fox DDS,STUDENT,MS,MS_6@iith.ac.in,MS_6,6980510608,4,
Joseph Hart,STUDENT,MS,MS_7@iith.ac.in,MS_7,6284623111,4,
Candice Lloyd,STUDENT,MS,MS_8@iith.ac.in,MS_8,6782647077,5,
Lauren Curtis,STUDENT,MS,MS_9@iith.ac.in,MS_9,8980634381,5,
Becky Romero,STUDENT,MS,MS_10@iith.ac.in,MS_10,8911445282,5,
Peter Peterson,STUDENT,MS,MS_11@iith.ac.in,MS_11,6321137860,5,
Randy Shaw Jr.,STUDENT,MS,MS_12@iith.ac.in,MS_12,8174887746,4,
Anthony Smith,STUDENT,MS,MS_13@iith.ac.in,MS_13,7949366014,1,
Christine Mccullough,STUDENT,MS,MS_14@iith.ac.in,MS_14,7117708664,1,
Scott Garcia,STUDENT,MS,MS_15@iith.ac.in,MS_15,8547100382,1,
Chelsea Bailey,STUDENT,MS,MS_16@iith.ac.in,MS_16,8771305329,3,
Juan Herring,STUDENT,MS,MS_17@iith.ac.in,MS_17,8683665064,5,
Linda Collins,STUDENT,MS,MS_18@iith.ac.in,MS_18,8064147459,1,
Kelly Bryant,STUDENT,MS,MS_19@iith.ac.in,MS_19,6521768570,2,
Kara Choi,STUDENT,MS,MS_20@iith.ac.in,MS_20,7705293600,1,
Marie Hernandez,STUDENT,MS,MS_21@iith.ac.in,MS_21,9008014972,4,
Brandon Williamson,STUDENT,MS,MS_22@iith.ac.in,MS_22,8168115968,1,
Michael Rodriguez,STUDENT,MS,MS_23@iith.ac.in,MS_23,8364529128,3,
Mr. Michael Figueroa,STUDENT,MS,MS_24@iith.ac.in,MS_24,6640828603,2,
Patrick Harris,STUDENT,MS,MS_25@iith.ac.in,MS_25,8931657219,1,
Justin Meza,STUDENT,MS,MS_26@iith.ac.in,MS_26,6099420941,1,
Michael Vincent,STUDENT,MS,MS_27@iith.ac.in,MS_27,8629768985,5,
Kendra Turner,STUDENT,MS,MS_28@iith.ac.in,MS_28,7702102549,3,
Mr. Sean Hall,STUDENT,MS,MS_29@iith.ac.in,MS_29,6043459749,1,
Elizabeth Schwartz,STUDENT,MS,MS_30@iith.ac.in,MS_30,9468460327,1,
Susan Clark,STUDENT,MS,MS_31@iith.ac.in,MS_31,6056110581,4,
Jaime Mitchell,STUDENT,MS,MS_32@iith.ac.in,MS_32,7807944973,4,
Leslie Harper,STUDENT,MS,MS_33@iith.ac.in,MS_33,9400344942,5,
Nicholas Clark,STUDENT,MS,MS_34@iith.ac.in,MS_34,7044271074,4,
Nathaniel Anderson,STUDENT,MS,MS_35@iith.ac.in,MS_35,9427374987,1,
Amber Mueller,STUDENT,MS,MS_36@iith.ac.in,MS_36,8772918855,5,
Anthony Gray,STUDENT,MS,MS_37@iith.ac.in,MS_37,9593435669,5,
Dr. Sarah Lawrence,STUDENT,MS,MS_38@iith.ac.in,MS_38,8536407183,4,
Brianna Burch,STUDENT,MS,MS_39@iith.ac.in,MS_39,6588191521,2,
Richard Murray,STUDENT,MS,MS_40@iith.ac.in,MS_40,6553312540,1,
Tracey Terrell,STUDENT,MS,MS_41@iith.ac.in,MS_41,9324035200,1,
Jennifer Mitchell,STUDENT,MS,MS_42@iith.ac.in,MS_42,6464383596,5,
Michelle Alexander,RESEARCH ASSISSTANT,MS,MS_43@iith.ac.in,MS_43,8556215348,2,
Jennifer Parker,RESEARCH ASSISSTANT,MS,MS_44@iith.ac.in,MS_44,9469181239,3,
Christopher Patel,RESEARCH ASSISSTANT,MS,MS_45@iith.ac.in,MS_45,6825501586,3,
Misty Smith,RESEARCH ASSISSTANT,MS,MS_46@iith.ac.in,MS_46,8642772864,1,
Mary Phillips,RESEARCH ASSISSTANT,MS,MS_47@iith.ac.in,MS_47,8064576626,2,
Angela Lambert,RESEARCH ASSISSTANT,MS,MS_48@iith.ac.in,MS_48,9456333191,1,
Angela Booker,RESEARCH ASSISSTANT,MS,MS_49@iith.ac.in,MS_49,6299381668,4,
Michael Smith,RESEARCH ASSISSTANT,MS,MS_50@iith.ac.in,MS_50,9136306487,5,
Kimberly Torres,RESEARCH ASSISSTANT,MS,MS_51@iith.ac.in,MS_51,9744982919,1,
Karen Smith,RESEARCH ASSISSTANT,MS,MS_52@iith.ac.in,MS_52,9523591052,1,
Heather Sims,RESEARCH ASSISSTANT,MS,MS_53@iith.ac.in,MS_53,6821999499,5,
Karen Keith,STUDENT,CH,CH_0@iith.ac.in,CH_0,9134989615,4,
Julie Green,STUDENT,CH,CH_1@iith.ac.in,CH_1,9687481150,5,
Tracy Anderson,STUDENT,CH,CH_2@iith.ac.in,CH_2,6107145600,2,
Fred Reed,STUDENT,CH,CH_3@iith.ac.in,CH_3,6828201245,3,
Jessica Taylor,STUDENT,CH,CH_4@iith.ac.in,CH_4,6144225734,3,
Sherry Miller,STUDENT,CH,CH_5@iith.ac.in,CH_5,6205790742,1,
Kayla Oconnell,STUDENT,CH,CH_6@iith.ac.in,CH_6,9680794692,1,
Mary Castillo,STUDENT,CH,CH_7@iith.ac.in,CH_7,9082356208,3,
Bethany Russell,STUDENT,CH,CH_8@iith.ac.in,CH_8,6987211673,3,
Samantha Jones,STUDENT,CH,CH_9@iith.ac.in,CH_9,6335914282,3,
Troy Santos,STUDENT,CH,CH_10@iith.ac.in,CH_10,7026496728,4,
Amy Wood,STUDENT,CH,CH_11@iith.ac.in,CH_11,6102150247,2,
Sydney Pratt,STUDENT,CH,CH_12@iith.ac.in,CH_12,7681391804,5,
Gabriel King,STUDENT,CH,CH_13@iith.ac.in,CH_13,7532416987,5,
Eric Whitney,STUDENT,CH,CH_14@iith.ac.in,CH_14,6539195009,4,
Michelle Russell,STUDENT,CH,CH_15@iith.ac.in,CH_15,6097005901,5,
Bradley Jennings,STUDENT,CH,CH_16@iith.ac.in,CH_16,6269125375,3,
David West,STUDENT,CH,CH_17@iith.ac.in,CH_17,8174244422,2,
Deborah King,STUDENT,CH,CH_18@iith.ac.in,CH_18,8596366953,3,
Troy Barber,STUDENT,CH,CH_19@iith.ac.in,CH_19,9304812424,4,
Darryl Sheppard,STUDENT,CH,CH_20@iith.ac.in,CH_20,6902938160,5,
Jennifer Reeves,STUDENT,CH,CH_21@iith.ac.in,CH_21,9842986071,1,
Michael Bowen,STUDENT,CH,CH_22@iith.ac.in,CH_22,7896494079,3,
Dakota Diaz,STUDENT,CH,CH_23@iith.ac.in,CH_23,7979765253,1,
Brenda Lewis,STUDENT,CH,CH_24@iith.ac.in,CH_24,6493532927,1,
Donald Bennett,RESEARCH ASSISSTANT,CH,CH_25@iith.ac.in,CH_25,8741731684,2,
Sabrina Stone,RESEARCH ASSISSTANT,CH,CH_26@iith.ac.in,CH_26,8506981649,4,
Leslie Coleman,RESEARCH ASSISSTANT,CH,CH_27@iith.ac.in,CH_27,8761385694,5,
Dominique Meyer,RESEARCH ASSISSTANT,CH,CH_28@iith.ac.in,CH_28,6895215770,3,
Heather Hopkins,RESEARCH ASSISSTANT,CH,CH_29@iith.ac.in,CH_29,7674000209,2,
Kelsey Fisher DDS,RESEARCH ASSISSTANT,CH,CH_30@iith.ac.in,CH_30,7591945700,5,
Timothy Whitaker,RESEARCH ASSISSTANT,CH,CH_31@iith.ac.in,CH_31,8759164779,5,
Daniel Sandoval,RESEARCH ASSISSTANT,CH,CH_32@iith.ac.in,CH_32,9987430936,1,
Jimmy Gomez,RESEARCH ASSISSTANT,CH,CH_33@iith.ac.in,CH_33,6793640722,4,
William Davis,RESEARCH ASSISSTANT,CH,CH_34@iith.ac.in,CH_34,9459728123,1,
Rodney West,FACULTY,CS,fac_0@iith.ac.in,fac_0,7651699412,2,
Robin Mccoy,FACULTY,CS,fac_1@iith.ac.in,fac_1,6428897603,2,
James Sawyer,FACULTY,CS,fac_2@iith.ac.in,fac_2,8410513690,5,
Nathaniel Gonzales,FACULTY,CS,fac_3@iith.ac.in,fac_3,6013849048,5,
William Jenkins,FACULTY,CS,fac_4@iith.ac.in,fac_4,8702402538,1,
Ashley Brown,FACULTY,CS,fac_5@iith.ac.in,fac_5,9218375351,4,
Glenda Herrera,FACULTY,CS,fac_6@iith.ac.in,fac_6,7372001850,4,
Robert Chapman,FACULTY,CS,fac_7@iith.ac.in,fac_7,6393813529,3,
Linda Garcia,FACULTY,CS,fac_8@iith.ac.in,fac_8,9471492932,1,
Anthony Steele,FACULTY,CS,fac_9@iith.ac.in,fac_9,6219273691,3,
Annette Clay,FACULTY,CS,fac_10@iith.ac.in,fac_10,6608233567,5,
Shannon Morales,FACULTY,CS,fac_11@iith.ac.in,fac_11,9585529349,1,
Jeffrey Vargas,FACULTY,CS,fac_12@iith.ac.in,fac_12,7908026120,2,
Lindsay Elliott,FACULTY,CS,fac_13@iith.ac.in,fac_13,9249822921,5,
Allison Baker,FACULTY,CS,fac_14@iith.ac.in,fac_14,8234190718,4,
Kayla Morris,FACULTY,CS,fac_15@iith.ac.in,fac_15,7291305479,1,
Ronald Bailey,FACULTY,CS,fac_16@iith.ac.in,fac_16,6108251427,4,
Cathy Morris MD,FACULTY,CS,fac_17@iith.ac.in,fac_17,7433865290,4,
Elizabeth Bowman,FACULTY,CS,fac_18@iith.ac.in,fac_18,8096681968,5,
Lindsey Johnson,FACULTY,CS,fac_19@iith.ac.in,fac_19,8569570945,3,
Joshua Wu,FACULTY,CS,fac_20@iith.ac.in,fac_20,6096206751,1,
Dana Anderson,FACULTY,CS,fac_21@iith.ac.in,fac_21,9089444911,1,
Alice Cunningham,FACULTY,CS,fac_22@iith.ac.in,fac_22,8722456614,2,
John Shaw,FACULTY,CS,fac_23@iith.ac.in,fac_23,8076536300,1,
Jessica Mccann,FACULTY,CS,fac_24@iith.ac.in,fac_24,6934486223,1,
Ricky Nguyen,FACULTY,CS,fac_25@iith.ac.in,fac_25,7862264462,3,
Courtney Myers,FACULTY,CS,fac_26@iith.ac.in,fac_26,8925541368,3,
Jennifer Arnold,FACULTY,CS,fac_27@iith.ac.in,fac_27,9677655410,5,
Ronald Arellano,FACULTY,CS,fac_28@iith.ac.in,fac_28,6429833337,4,
Cheryl Bryan,FACULTY,CS,fac_29@iith.ac.in,fac_29,8676730828,4,
Megan Hines,FACULTY,CS,fac_30@iith.ac.in,fac_30,8655859707,3,
Michael Turner,FACULTY,CS,fac_31@iith.ac.in,fac_31,7443468285,5,
Christine Wade,FACULTY,CS,fac_32@iith.ac.in,fac_32,7051868400,3,
Dr. Mark Johnson DDS,FACULTY,CS,fac_33@iith.ac.in,fac_33,6740142257,2,
Alexander Santiago,FACULTY,CS,fac_34@iith.ac.in,fac_34,7732463024,2,
Carlos Ramirez,FACULTY,CS,fac_35@iith.ac.in,fac_35,8788047059,5,
Linda Myers,FACULTY,CS,fac_36@iith.ac.in,fac_36,7284226290,3,
Christopher Morgan,FACULTY,CS,fac_37@iith.ac.in,fac_37,7384799234,2,
Kimberly Jones,FACULTY,CS,fac_38@iith.ac.in,fac_38,6650009871,5,
Joseph Kaufman,FACULTY,CS,fac_39@iith.ac.in,fac_39,9519794284,4,
Gary Graham,FACULTY,AI,fac_40@iith.ac.in,fac_40,9791022483,3,
Brandon Herring,FACULTY,AI,fac_41@iith.ac.in,fac_41,8438414403,4,
Erin Jackson,FACULTY,AI,fac_42@iith.ac.in,fac_42,7876231943,1,
Gabriel Bennett,FACULTY,AI,fac_43@iith.ac.in,fac_43,9505974915,1,
Tonya Hoffman,FACULTY,AI,fac_44@iith.ac.in,fac_44,9266856392,4,
Melissa Ward,FACULTY,AI,fac_45@iith.ac.in,fac_45,7699787541,2,
Bobby Payne,FACULTY,AI,fac_46@iith.ac.in,fac_46,9456490546,5,
David Carter,FACULTY,AI,fac_47@iith.ac.in,fac_47,7752098649,5,
Jason Foster,FACULTY,AI,fac_48@iith.ac.in,fac_48,6591229625,5,
Danielle Lopez,FACULTY,AI,fac_49@iith.ac.in,fac_49,6092050501,5,
Cynthia Hughes,FACULTY,AI,fac_50@iith.ac.in,fac_50,8737228421,3,
Gabriel Wilson,FACULTY,AI,fac_51@iith.ac.in,fac_51,6444813127,5,
Cameron Larson,FACULTY,AI,fac_52@iith.ac.in,fac_52,6229737708,5,
Kathryn Gonzalez,FACULTY,AI,fac_53@iith.ac.in,fac_53,7677682055,4,
Michele Morris,FACULTY,AI,fac_54@iith.ac.in,fac_54,8730150825,2,
Jeremy Silva,FACULTY,AI,fac_55@iith.ac.in,fac_55,8198946841,2,
Jacob Hicks,FACULTY,AI,fac_56@iith.ac.in,fac_56,6234155205,2,
Jessica Wang,FACULTY,AI,fac_57@iith.ac.in,fac_57,9734263973,3,
Raymond Reyes,FACULTY,AI,fac_58@iith.ac.in,fac_58,8283179623,3,
Matthew Donovan,FACULTY,AI,fac_59@iith.ac.in,fac_59,7013724130,3,
Cody Boyer,FACULTY,AI,fac_60@iith.ac.in,fac_60,9333381122,1,
Emily Walker,FACULTY,AI,fac_61@iith.ac.in,fac_61,6820025855,3,
Joseph Harrison,FACULTY,AI,fac_62@iith.ac.in,fac_62,8287933680,2,
Jennifer Pierce,FACULTY,AI,fac_63@iith.ac.in,fac_63,7600714635,1,
Peter Cook,FACULTY,AI,fac_64@iith.ac.in,fac_64,6707184862,4,
Christie Wagner,FACULTY,AI,fac_65@iith.ac.in,fac_65,6990355013,1,
Erin Patton,FACULTY,AI,fac_66@iith.ac.in,fac_66,6006931408,1,
Shawn Jones,FACULTY,AI,fac_67@iith.ac.in,fac_67,8104683253,3,
Kevin Blake,FACULTY,AI,fac_68@iith.ac.in,fac_68,9716420627,3,
Amanda Hamilton,FACULTY,AI,fac_69@iith.ac.in,fac_69,9805362850,3,
Jessica Harrington,FACULTY,AI,fac_70@iith.ac.in,fac_70,6887973423,4,
Benjamin Collier,FACULTY,BM,fac_71@iith.ac.in,fac_71,9384871139,4,
Douglas Thomas,FACULTY,BM,fac_72@iith.ac.in,fac_72,6668018589,4,
Shannon Williams,FACULTY,BM,fac_73@iith.ac.in,fac_73,6420749408,3,
Mary Silva,FACULTY,BM,fac_74@iith.ac.in,fac_74,9617409221,5,
Collin Saunders,FACULTY,BM,fac_75@iith.ac.in,fac_75,8655739847,2,
Angela Mitchell,FACULTY,BM,fac_76@iith.ac.in,fac_76,6781550044,3,
Daniel James,FACULTY,BM,fac_77@iith.ac.in,fac_77,9652382279,4,
Hector Cortez,FACULTY,BM,fac_78@iith.ac.in,fac_78,9652377134,5,
Raymond Allison,FACULTY,BM,fac_79@iith.ac.in,fac_79,6550796757,2,
Vincent Moses,FACULTY,BM,fac_80@iith.ac.in,fac_80,8055034313,4,
Nicole Ramirez,FACULTY,BM,fac_81@iith.ac.in,fac_81,9467219936,1,
Jennifer Davis,FACULTY,BM,fac_82@iith.ac.in,fac_82,8532186578,3,
Richard Haynes,FACULTY,BM,fac_83@iith.ac.in,fac_83,6394807033,5,
John Mcconnell,FACULTY,BM,fac_84@iith.ac.in,fac_84,7065221527,5,
Frank Garcia,FACULTY,BM,fac_85@iith.ac.in,fac_85,6103300058,3,
Peggy Mclaughlin,FACULTY,BM,fac_86@iith.ac.in,fac_86,7534252023,2,
Beverly Burnett,FACULTY,BM,fac_87@iith.ac.in,fac_87,9237555417,4,
Nicole Williams,FACULTY,BM,fac_88@iith.ac.in,fac_88,6863590058,5,
Shawn Mullen,FACULTY,BM,fac_89@iith.ac.in,fac_89,8062724358,4,
Isabella Gay,FACULTY,BM,fac_90@iith.ac.in,fac_90,9280415619,1,
Taylor Griffin,FACULTY,BM,fac_91@iith.ac.in,fac_91,6986855436,4,
Casey Mann,FACULTY,BM,fac_92@iith.ac.in,fac_92,9811423992,1,
Thomas Orr,FACULTY,BM,fac_93@iith.ac.in,fac_93,6609414896,4,
Michael Forbes,FACULTY,BM,fac_94@iith.ac.in,fac_94,8840176497,4,
Amber Stevenson,FACULTY,BM,fac_95@iith.ac.in,fac_95,7730470688,1,
Robert Dixon,FACULTY,BM,fac_96@iith.ac.in,fac_96,9852932095,5,
Chloe Kelley,FACULTY,BM,fac_97@iith.ac.in,fac_97,9911980026,4,
Kevin Figueroa,FACULTY,BM,fac_98@iith.ac.in,fac_98,6795142833,2,
Cindy Campbell,FACULTY,BM,fac_99@iith.ac.in,fac_99,7886535945,5,
Tracy Thompson,FACULTY,BM,fac_100@iith.ac.in,fac_100,9529939755,5,
Nathaniel Wallace,FACULTY,BM,fac_101@iith.ac.in,fac_101,7598288841,2,
Ana Vega,FACULTY,BM,fac_102@iith.ac.in,fac_102,9461641190,5,
Julia Lucas,FACULTY,BM,fac_103@iith.ac.in,fac_103,8568917355,4,
Eric Myers,FACULTY,BM,fac_104@iith.ac.in,fac_104,8985455624,5,
Heather White,FACULTY,BM,fac_105@iith.ac.in,fac_105,8249148453,1,
Shelly Duran,FACULTY,BM,fac_106@iith.ac.in,fac_106,7828965837,5,
Ashley Flores,FACULTY,BM,fac_107@iith.ac.in,fac_107,7261617936,3,
Erica Harvey,FACULTY,BM,fac_108@iith.ac.in,fac_108,9134674941,3,
Richard Waters,FACULTY,BM,fac_109@iith.ac.in,fac_109,6216995167,3,
Audrey Gomez,FACULTY,BM,fac_110@iith.ac.in,fac_110,9457682286,2,
Michael Kirk,FACULTY,BM,fac_111@iith.ac.in,fac_111,6625885052,3,
Nathaniel Allen,FACULTY,BM,fac_112@iith.ac.in,fac_112,6539564448,4,
Jenna Conley,FACULTY,BM,fac_113@iith.ac.in,fac_113,8750320899,5,
Jacob Anderson,FACULTY,BM,fac_114@iith.ac.in,fac_114,6803033487,4,
Alexander Fletcher,FACULTY,BM,fac_115@iith.ac.in,fac_115,7924659763,2,
David Mills,FACULTY,BM,fac_116@iith.ac.in,fac_116,8779758455,2,
Stephanie Soto,FACULTY,BM,fac_117@iith.ac.in,fac_117,8902221637,3,
Marcus Smith,FACULTY,BM,fac_118@iith.ac.in,fac_118,9603965342,4,
Kevin Henson,FACULTY,BM,fac_119@iith.ac.in,fac_119,7512050826,3,
Evan Bennett,FACULTY,BM,fac_120@iith.ac.in,fac_120,7257984030,5,
Alicia Johnson,FACULTY,BM,fac_121@iith.ac.in,fac_121,6211482568,2,
Brenda Sweeney,FACULTY,BM,fac_122@iith.ac.in,fac_122,8433115325,1,
Denise Reed,FACULTY,BM,fac_123@iith.ac.in,fac_123,7467573539,4,
Jennifer Ortega,FACULTY,BM,fac_124@iith.ac.in,fac_124,6531722281,4,
John Moore,FACULTY,BM,fac_125@iith.ac.in,fac_125,7204132310,1,
James Barnes,FACULTY,BM,fac_126@iith.ac.in,fac_126,9924381321,1,
Samantha Ortega,FACULTY,BM,fac_127@iith.ac.in,fac_127,7702490650,1,
Jamie Hensley,FACULTY,BM,fac_128@iith.ac.in,fac_128,7796110496,4,
Stacey Silva,FACULTY,BM,fac_129@iith.ac.in,fac_129,8982968383,1,
Jacqueline Miller,FACULTY,BM,fac_130@iith.ac.in,fac_130,9985774040,2,
Amber Christian,FACULTY,BM,fac_131@iith.ac.in,fac_131,7324001081,1,
Melissa Anderson,FACULTY,EE,fac_132@iith.ac.in,fac_132,8170155350,2,
Robin Baxter,FACULTY,EE,fac_133@iith.ac.in,fac_133,6849457284,2,
James Carter,FACULTY,EE,fac_134@iith.ac.in,fac_134,9425825743,1,
Chloe Gonzalez,FACULTY,EE,fac_135@iith.ac.in,fac_135,7371252436,4,
Latoya Luna,FACULTY,EE,fac_136@iith.ac.in,fac_136,9443573379,4,
Madeline Parsons,FACULTY,EE,fac_137@iith.ac.in,fac_137,7782258470,1,
Erica Duke,FACULTY,EE,fac_138@iith.ac.in,fac_138,6343439702,5,
David Castro,FACULTY,EE,fac_139@iith.ac.in,fac_139,9606840334,2,
Katie Mcbride,FACULTY,EE,fac_140@iith.ac.in,fac_140,7780058442,3,
Benjamin Pope,FACULTY,EE,fac_141@iith.ac.in,fac_141,8963462027,3,
Scott Owens,FACULTY,EE,fac_142@iith.ac.in,fac_142,6046788275,4,
Theresa Marsh,FACULTY,EE,fac_143@iith.ac.in,fac_143,6068279840,5,
Rhonda Charles,FACULTY,EE,fac_144@iith.ac.in,fac_144,7939468858,4,
Victor Snyder,FACULTY,EE,fac_145@iith.ac.in,fac_145,7851406426,2,
Hannah Bolton,FACULTY,EE,fac_146@iith.ac.in,fac_146,8838950114,3,
Abigail Vazquez,FACULTY,EE,fac_147@iith.ac.in,fac_147,8856863178,5,
Kimberly Mason,FACULTY,EE,fac_148@iith.ac.in,fac_148,6878844460,1,
Christina Rivera,FACULTY,EE,fac_149@iith.ac.in,fac_149,6193158104,5,
Richard Baker,FACULTY,EE,fac_150@iith.ac.in,fac_150,8035387203,4,
Kathy Smith,FACULTY,EE,fac_151@iith.ac.in,fac_151,9150427406,1,
Dakota Gomez,FACULTY,EE,fac_152@iith.ac.in,fac_152,9871734691,2,
Joseph Johnson,FACULTY,EE,fac_153@iith.ac.in,fac_153,8055156526,4,
Molly Smith,FACULTY,EE,fac_154@iith.ac.in,fac_154,8387371664,2,
Amanda Powers,FACULTY,EE,fac_155@iith.ac.in,fac_155,7115915673,5,
Janice Hooper,FACULTY,EE,fac_156@iith.ac.in,fac_156,9974920030,4,
Samantha Salazar,FACULTY,EE,fac_157@iith.ac.in,fac_157,7465487241,2,
Jeffrey Williams,FACULTY,EE,fac_158@iith.ac.in,fac_158,6600890359,5,
Brian Davis MD,FACULTY,EE,fac_159@iith.ac.in,fac_159,9227573862,2,
Jennifer Grimes,FACULTY,EE,fac_160@iith.ac.in,fac_160,9505712733,3,
Joshua Huang,FACULTY,EE,fac_161@iith.ac.in,fac_161,7765029625,3,
Mrs. Sonia Wallace,FACULTY,EE,fac_162@iith.ac.in,fac_162,8704968857,5,
Danielle Cunningham,FACULTY,EE,fac_163@iith.ac.in,fac_163,8468526157,3,
Samantha Gibson,FACULTY,EE,fac_164@iith.ac.in,fac_164,6073329359,1,
Andrew Roberts,FACULTY,EE,fac_165@iith.ac.in,fac_165,7274469320,1,
Andrew Williams,FACULTY,EE,fac_166@iith.ac.in,fac_166,6387468882,5,
Benjamin Moore,FACULTY,EE,fac_167@iith.ac.in,fac_167,7650403762,1,
Elizabeth Romero,FACULTY,EE,fac_168@iith.ac.in,fac_168,6897738197,1,
Christine Fox,FACULTY,EE,fac_169@iith.ac.in,fac_169,6328453391,4,
Andre Poole,FACULTY,EE,fac_170@iith.ac.in,fac_170,9566086002,5,
Desiree Goodman,FACULTY,EE,fac_171@iith.ac.in,fac_171,8709016412,5,
Frank Foley,FACULTY,EE,fac_172@iith.ac.in,fac_172,8275224403,5,
Malik Gonzales,FACULTY,MS,fac_173@iith.ac.in,fac_173,9720257546,4,
Matthew Johnson,FACULTY,MS,fac_174@iith.ac.in,fac_174,8601063109,2,
Brian Anderson,FACULTY,MS,fac_175@iith.ac.in,fac_175,6976304579,4,
Jacob Larson,FACULTY,MS,fac_176@iith.ac.in,fac_176,7665398537,3,
Bernard Hernandez,FACULTY,MS,fac_177@iith.ac.in,fac_177,6108534206,2,
Mr. David Cook,FACULTY,MS,fac_178@iith.ac.in,fac_178,7088619636,3,
Marc Andrews,FACULTY,MS,fac_179@iith.ac.in,fac_179,6387552682,1,
Troy Long,FACULTY,MS,fac_180@iith.ac.in,fac_180,8072678028,5,
Michelle Wilson,FACULTY,MS,fac_181@iith.ac.in,fac_181,8667261852,5,
Jenna Lee,FACULTY,MS,fac_182@iith.ac.in,fac_182,6725603853,2,
Michelle Young,FACULTY,MS,fac_183@iith.ac.in,fac_183,7127938412,5,
Jacob Howell,FACULTY,MS,fac_184@iith.ac.in,fac_184,8520131323,5,
Ernest Davis,FACULTY,MS,fac_185@iith.ac.in,fac_185,9511409631,2,
Lori Velazquez,FACULTY,MS,fac_186@iith.ac.in,fac_186,9795963710,3,
Julie Sanders,FACULTY,MS,fac_187@iith.ac.in,fac_187,6156237309,3,
Diane Lopez,FACULTY,MS,fac_188@iith.ac.in,fac_188,9290057022,1,
Keith Fleming,FACULTY,MS,fac_189@iith.ac.in,fac_189,7404528911,4,
Mr. Jerome Henderson,FACULTY,MS,fac_190@iith.ac.in,fac_190,6569040843,5,
Kristy Johnson,FACULTY,MS,fac_191@iith.ac.in,fac_191,9423212660,5,
Steven Herrera,FACULTY,MS,fac_192@iith.ac.in,fac_192,9556901598,2,
James Smith,FACULTY,MS,fac_193@iith.ac.in,fac_193,8356804336,2,
Ryan Berg,FACULTY,MS,fac_194@iith.ac.in,fac_194,9368193880,4,
Veronica Rasmussen,FACULTY,MS,fac_195@iith.ac.in,fac_195,6005719293,3,
Maria Wright,FACULTY,MS,fac_196@iith.ac.in,fac_196,8094534105,2,
Jeffrey Schmidt,FACULTY,MS,fac_197@iith.ac.in,fac_197,7430676836,3,
Paige Williams,FACULTY,MS,fac_198@iith.ac.in,fac_198,8991534387,2,
Julia Ford,FACULTY,MS,fac_199@iith.ac.in,fac_199,9681002646,1,
Carol Dalton,FACULTY,MS,fac_200@iith.ac.in,fac_200,8871912437,3,
Crystal Berry,FACULTY,MS,fac_201@iith.ac.in,fac_201,7180376661,1,
Michael Burns,FACULTY,MS,fac_202@iith.ac.in,fac_202,6868592772,4,
Christina Mosley,FACULTY,MS,fac_203@iith.ac.in,fac_203,6954901067,3,
Adam Alvarez,FACULTY,MS,fac_204@iith.ac.in,fac_204,6215264587,4,
Justin Larson,FACULTY,MS,fac_205@iith.ac.in,fac_205,9198376694,4,
Jeffrey Santos,FACULTY,MS,fac_206@iith.ac.in,fac_206,7560820473,1,
Christine Mercado,FACULTY,MS,fac_207@iith.ac.in,fac_207,9494551432,2,
Garrett Alexander,FACULTY,MS,fac_208@iith.ac.in,fac_208,9762622635,3,
Richard Mata,FACULTY,MS,fac_209@iith.ac.in,fac_209,6236575371,3,
Patricia Johnson,FACULTY,MS,fac_210@iith.ac.in,fac_210,6669974243,5,
Cynthia Avila,FACULTY,MS,fac_211@iith.ac.in,fac_211,9098111967,4,
Denise Jones,FACULTY,MS,fac_212@iith.ac.in,fac_212,8148762150,1,
Kelly Hunter,FACULTY,MS,fac_213@iith.ac.in,fac_213,7941646810,4,
Reginald Raymond,FACULTY,MS,fac_214@iith.ac.in,fac_214,9278945121,4,
Katie Garcia,FACULTY,MS,fac_215@iith.ac.in,fac_215,7610884638,2,
Scott Herrera,FACULTY,MS,fac_216@iith.ac.in,fac_216,9539291416,5,
Derek Oneill,FACULTY,MS,fac_217@iith.ac.in,fac_217,7453888636,1,
Sally Williams,FACULTY,MS,fac_218@iith.ac.in,fac_218,9080595843,2,
Jason Tucker,FACULTY,MS,fac_219@iith.ac.in,fac_219,9620663226,2,
Thomas Howard,FACULTY,MS,fac_220@iith.ac.in,fac_220,7548401492,4,
Jimmy Meyer,FACULTY,MS,fac_221@iith.ac.in,fac_221,8318252438,1,
Joshua Evans,FACULTY,MS,fac_222@iith.ac.in,fac_222,8621460062,2,
Mrs. Maria Navarro,FACULTY,MS,fac_223@iith.ac.in,fac_223,9356082885,5,
Megan Rivera,FACULTY,MS,fac_224@iith.ac.in,fac_224,6632287312,3,
Elizabeth Kelly,FACULTY,MS,fac_225@iith.ac.in,fac_225,8784460721,4,
Tyler Bates,FACULTY,MS,fac_226@iith.ac.in,fac_226,8404321545,1,
Michael Nguyen,FACULTY,MS,fac_227@iith.ac.in,fac_227,8859580671,5,
Arthur Taylor,FACULTY,MS,fac_228@iith.ac.in,fac_228,6306281701,5,
James Flynn,FACULTY,ME,fac_229@iith.ac.in,fac_229,9133714507,5,
Jennifer Day,FACULTY,ME,fac_230@iith.ac.in,fac_230,6034011313,3,
Barry Allen,FACULTY,ME,fac_231@iith.ac.in,fac_231,6812192638,4,
Katelyn Reed,FACULTY,ME,fac_232@iith.ac.in,fac_232,8866735226,4,
Steven Blair,FACULTY,ME,fac_233@iith.ac.in,fac_233,6404981154,3,
Jamie Banks,FACULTY,ME,fac_234@iith.ac.in,fac_234,7121070089,4,
Shannon Jacobs,FACULTY,ME,fac_235@iith.ac.in,fac_235,6966017844,3,
Natalie Rogers,FACULTY,ME,fac_236@iith.ac.in,fac_236,8850549662,5,
Robert Drake,FACULTY,ME,fac_237@iith.ac.in,fac_237,8274240825,4,
Christopher Vang,FACULTY,ME,fac_238@iith.ac.in,fac_238,9112744446,2,
Katrina Jackson,FACULTY,ME,fac_239@iith.ac.in,fac_239,8303975818,2,
Robert Williams,FACULTY,ME,fac_240@iith.ac.in,fac_240,8049283185,5,
Natalie Gross DDS,FACULTY,ME,fac_241@iith.ac.in,fac_241,9091796036,4,
John Stevens,FACULTY,ME,fac_242@iith.ac.in,fac_242,7979533745,4,
Caroline Baker,FACULTY,ME,fac_243@iith.ac.in,fac_243,6236244534,5,
Mark Phillips DDS,FACULTY,ME,fac_244@iith.ac.in,fac_244,9274416585,5,
Elizabeth Perez,FACULTY,ME,fac_245@iith.ac.in,fac_245,6524376926,2,
George Mclaughlin,FACULTY,ME,fac_246@iith.ac.in,fac_246,9071776454,3,
Briana May,FACULTY,ME,fac_247@iith.ac.in,fac_247,6332541682,1,
Alexander Chambers,FACULTY,ME,fac_248@iith.ac.in,fac_248,6466912823,2,
Mitchell Mcconnell,FACULTY,ME,fac_249@iith.ac.in,fac_249,6322154210,3,
Jerome Arnold,FACULTY,ME,fac_250@iith.ac.in,fac_250,8903957593,5,
Carolyn Meadows,FACULTY,ME,fac_251@iith.ac.in,fac_251,6008488747,3,
Lawrence Dominguez,FACULTY,ME,fac_252@iith.ac.in,fac_252,6168161493,3,
Tracy Bautista,STAFF,ME,adm_0@iith.ac.in,adm_0,8636315651,5,
Andrea Ortiz,STAFF,ME,adm_1@iith.ac.in,adm_1,9745820406,3,
Dr. Diane Estes,STAFF,ME,adm_2@iith.ac.in,adm_2,8590580299,2,
Stephen Randall,STAFF,ME,adm_3@iith.ac.in,adm_3,6929063956,2,
Andre Johnson,STAFF,ME,adm_4@iith.ac.in,adm_4,9479129900,4,
Wyatt Larson,STAFF,ME,adm_5@iith.ac.in,adm_5,8022436884,3,
Meredith Gardner,STAFF,ME,adm_6@iith.ac.in,adm_6,7532388520,4,
Amy Mullins,STAFF,ME,adm_7@iith.ac.in,adm_7,7064085279,3,
Diana Hamilton,STAFF,ME,adm_8@iith.ac.in,adm_8,8127975970,1,
Kathleen Rice,STAFF,ME,adm_9@iith.ac.in,adm_9,8511868607,2,
Frank Montoya,STAFF,ME,adm_10@iith.ac.in,adm_10,7052038550,1,
Tony Brown,STAFF,ME,adm_11@iith.ac.in,adm_11,6514594838,2,
Rebecca Mcfarland,STAFF,CE,adm_12@iith.ac.in,adm_12,6786660989,1,
Zachary Allen,STAFF,CE,adm_13@iith.ac.in,adm_13,7873028619,1,
Brandon Taylor,STAFF,CE,adm_14@iith.ac.in,adm_14,8883277365,5,
Monica Hess,STAFF,CE,adm_15@iith.ac.in,adm_15,8397696745,2,
William Mcmahon,STAFF,CE,adm_16@iith.ac.in,adm_16,6314863821,1,
Aaron Lopez,STAFF,CE,adm_17@iith.ac.in,adm_17,8516920618,2,
Cassandra Rodriguez,STAFF,CE,adm_18@iith.ac.in,adm_18,8558824693,2,
Samuel Kramer,STAFF,CE,adm_19@iith.ac.in,adm_19,9745449833,2,
David Arnold,STAFF,CE,adm_20@iith.ac.in,adm_20,7485790584,3,
William Gilbert,STAFF,CE,adm_21@iith.ac.in,adm_21,6756414413,5,
Jeffrey Adkins,STAFF,CE,adm_22@iith.ac.in,adm_22,9159671658,3,
Mrs. Rachel Klein,STAFF,CE,adm_23@iith.ac.in,adm_23,9482729231,3,
Allen Miles,STAFF,CE,adm_24@iith.ac.in,adm_24,8731705931,5,
Gwendolyn Miller,STAFF,CE,adm_25@iith.ac.in,adm_25,7230461309,5,
Fred Willis,STAFF,CE,adm_26@iith.ac.in,adm_26,7116846506,2,
Kimberly Lopez,STAFF,CE,adm_27@iith.ac.in,adm_27,8223352729,2,
Holly Wilson,STAFF,CE,adm_28@iith.ac.in,adm_28,6097610698,1,
Tara Roberts,STAFF,CE,adm_29@iith.ac.in,adm_29,9280840761,3,
Rebecca Weber,STAFF,CE,adm_30@iith.ac.in,adm_30,8161678940,2,
Sherry May,STAFF,CE,adm_31@iith.ac.in,adm_31,7886210734,3,
Mike Rivera,STAFF,CE,adm_32@iith.ac.in,adm_32,9093993342,1,
Kathleen Davis,STAFF,CE,adm_33@iith.ac.in,adm_33,6264669021,2,
Laurie Romero,STAFF,CE,adm_34@iith.ac.in,adm_34,6321358018,1,
Hannah Gregory,STAFF,CE,adm_35@iith.ac.in,adm_35,8187659679,2,
Arthur Burton,STAFF,CE,adm_36@iith.ac.in,adm_36,7128427330,4,
Harold Mercer DDS,STAFF,CE,adm_37@iith.ac.in,adm_37,8787817938,4,
Christine Bowman,STAFF,CE,adm_38@iith.ac.in,adm_38,9368768853,1,
Erica Leonard,STAFF,CE,adm_39@iith.ac.in,adm_39,6223460158,4,
Peter Bauer,STAFF,CE,adm_40@iith.ac.in,adm_40,9239735329,2,
Timothy Rose,STAFF,CE,adm_41@iith.ac.in,adm_41,9118098007,2,
Robert Ball,STAFF,CE,adm_42@iith.ac.in,adm_42,9801963644,4,
Maria Hurley,STAFF,CE,adm_43@iith.ac.in,adm_43,7206079901,2,
Brian Robles,STAFF,CE,adm_44@iith.ac.in,adm_44,8211174322,1,
Mr. Caleb Brady,STAFF,CE,adm_45@iith.ac.in,adm_45,8478416781,3,
Lori Cowan,STAFF,CE,adm_46@iith.ac.in,adm_46,7333341828,1,
Melissa Johnson,STAFF,CE,adm_47@iith.ac.in,adm_47,7997180445,2,
Cynthia Phillips,STAFF,CE,adm_48@iith.ac.in,adm_48,6397557468,3,
Robert Wilson,STAFF,CE,adm_49@iith.ac.in,adm_49,7453038029,2,
Collin Salazar,STAFF,CE,adm_50@iith.ac.in,adm_50,6325332405,2,
Mr. Richard Smith,STAFF,CE,adm_51@iith.ac.in,adm_51,9226348221,3,
Ashley Williams,STAFF,CE,adm_52@iith.ac.in,adm_52,8634475505,2,
Robert Duncan,STAFF,CE,adm_53@iith.ac.in,adm_53,9891303849,4,
Michaela Moore,STAFF,CE,adm_54@iith.ac.in,adm_54,7417793085,3,
Sierra Holland,STAFF,CE,adm_55@iith.ac.in,adm_55,7913936387,2,
Kyle Davis,STAFF,CE,adm_56@iith.ac.in,adm_56,6960903414,3,
Paige Smith,STAFF,CE,adm_57@iith.ac.in,adm_57,8990021780,3,
Brandon Reed,STAFF,CH,adm_58@iith.ac.in,adm_58,8711825966,2,
Timothy Dominguez,STAFF,CH,adm_59@iith.ac.in,adm_59,8237649065,4,
Meghan Flores,STAFF,CH,adm_60@iith.ac.in,adm_60,6022163217,3,
Joseph Sanchez,STAFF,CH,adm_61@iith.ac.in,adm_61,7418279469,5,
Kara Freeman,STAFF,CH,adm_62@iith.ac.in,adm_62,9486406510,5,
Kimberly Williams,STAFF,CH,adm_63@iith.ac.in,adm_63,9608232521,5,
Nicole Hall,STAFF,CH,adm_64@iith.ac.in,adm_64,6970242843,4,
Robert Williams IV,STAFF,CH,adm_65@iith.ac.in,adm_65,9027540750,1,
Todd Collins,STAFF,CH,adm_66@iith.ac.in,adm_66,9928787085,4,
Dennis Vasquez,STAFF,CH,adm_67@iith.ac.in,adm_67,7740616046,1,
Dustin Allen,STAFF,CH,adm_68@iith.ac.in,adm_68,6650714524,1,
Brittany Huffman,STAFF,CH,adm_69@iith.ac.in,adm_69,7195315411,1,
Sean Perry MD,STAFF,CH,adm_70@iith.ac.in,adm_70,9907455648,3,
Kari Armstrong,STAFF,CH,adm_71@iith.ac.in,adm_71,8423120175,3,
Lawrence Carter,STAFF,CH,adm_72@iith.ac.in,adm_72,8542158713,2,
Marcus Anderson,STAFF,CH,adm_73@iith.ac.in,adm_73,9445042897,1,
Stephanie Sheppard,STAFF,CH,adm_74@iith.ac.in,adm_74,8567226944,5,
John Mills,STAFF,CH,adm_75@iith.ac.in,adm_75,6873292837,1,
Julia Sandoval,STAFF,CH,adm_76@iith.ac.in,adm_76,6357958356,1,
Edwin Carey,STAFF,CH,adm_77@iith.ac.in,adm_77,7562293439,1,
Robin Ingram,STAFF,CH,adm_78@iith.ac.in,adm_78,9582001906,3,
David Rodriguez,STAFF,CH,adm_79@iith.ac.in,adm_79,9210317768,5,
Nathan Martin,STAFF,CH,adm_80@iith.ac.in,adm_80,7307880755,2,
Adam Buchanan MD,STAFF,CH,adm_81@iith.ac.in,adm_81,6162178619,2,
Vanessa Yang,STAFF,CH,adm_82@iith.ac.in,adm_82,8858686462,4,
Robert Hurley,STAFF,CH,adm_83@iith.ac.in,adm_83,8280253466,2,
Heather Armstrong,STAFF,CH,adm_84@iith.ac.in,adm_84,7648764872,4,
Sara Robinson,STAFF,CH,adm_85@iith.ac.in,adm_85,7675742655,3,
Allen Cervantes,STAFF,CH,adm_86@iith.ac.in,adm_86,6963867746,2,
Jeremy Vasquez,STAFF,CH,adm_87@iith.ac.in,adm_87,8306066069,5,
Roger Chapman,STAFF,CH,adm_88@iith.ac.in,adm_88,8742230025,3,
Eric Serrano,STAFF,ID,adm_89@iith.ac.in,adm_89,8985899735,4,
Darryl Williams,STAFF,ID,adm_90@iith.ac.in,adm_90,8513724184,1,
Tiffany Weiss,STAFF,ID,adm_91@iith.ac.in,adm_91,6169097588,5,
Wanda Delgado,STAFF,ID,adm_92@iith.ac.in,adm_92,8862355429,2,
Jesse Holmes,STAFF,ID,adm_93@iith.ac.in,adm_93,7513714009,1,
Jessica Roberts,STAFF,ID,adm_94@iith.ac.in,adm_94,6188287581,2,
Robert Erickson,STAFF,ID,adm_95@iith.ac.in,adm_95,9000812388,2,
Stephanie Kennedy,STAFF,ID,adm_96@iith.ac.in,adm_96,8291419460,4,
Elizabeth Gutierrez,STAFF,ID,adm_97@iith.ac.in,adm_97,6620925225,5,
Paul Hinton,STAFF,ID,adm_98@iith.ac.in,adm_98,9241754987,5,
Susan Byrd,STAFF,ID,adm_99@iith.ac.in,adm_99,8046645387,3,
Stacy Lloyd,STAFF,ID,adm_100@iith.ac.in,adm_100,6560716035,5,
Margaret Miller,STAFF,ID,adm_101@iith.ac.in,adm_101,9241178621,5,
Heather David,STAFF,ID,adm_102@iith.ac.in,adm_102,9896637783,2,
Brianna Blankenship,STAFF,ID,adm_103@iith.ac.in,adm_103,7895553218,2,
Kirsten Orozco,STAFF,ID,adm_104@iith.ac.in,adm_104,9557224830,5,
Roger Howe,STAFF,ID,adm_105@iith.ac.in,adm_105,7948804215,4,
Pamela Cook,STAFF,ID,adm_106@iith.ac.in,adm_106,6237579499,5,
Jennifer Morales,STAFF,ID,adm_107@iith.ac.in,adm_107,6110776742,5,
Brian Hayes,STAFF,ID,adm_108@iith.ac.in,adm_108,7781391234,2,
Michael Patton,STAFF,ID,adm_109@iith.ac.in,adm_109,9376408629,4,
Jason Hoffman,STAFF,ID,adm_110@iith.ac.in,adm_110,8505216246,2,
Jasmine Dunn,STAFF,ID,adm_111@iith.ac.in,adm_111,7725529863,5,
Edwin Webb,STAFF,ID,adm_112@iith.ac.in,adm_112,9529335650,3,
Michele Moss,STAFF,ID,adm_113@iith.ac.in,adm_113,8616355629,1,
Anthony Hernandez,STAFF,ID,adm_114@iith.ac.in,adm_114,7012814611,3,
Colton Ramos,STAFF,ID,adm_115@iith.ac.in,adm_115,8989982825,2,
Charlotte Williams,STAFF,ID,adm_116@iith.ac.in,adm_116,6982593466,3,
Jasmine Schmidt,STAFF,ID,adm_117@iith.ac.in,adm_117,7257566525,2,
Breanna Riggs,STAFF,ID,adm_118@iith.ac.in,adm_118,7010009989,5,
Mr. Robert Parker,STAFF,ID,adm_119@iith.ac.in,adm_119,6946550638,5,
Robin Horn,STAFF,ID,adm_120@iith.ac.in,adm_120,6960829811,1,
Mary Dunlap,STAFF,ID,adm_121@iith.ac.in,adm_121,8891199664,1,
Brian Willis,STAFF,ID,adm_122@iith.ac.in,adm_122,6275987630,1,
Hannah Roberts,STAFF,ID,adm_123@iith.ac.in,adm_123,8658466578,3,
Alexis Hoffman,STAFF,ID,adm_124@iith.ac.in,adm_124,6825820210,3,
Nathan Flynn,STAFF,ID,adm_125@iith.ac.in,adm_125,7244041400,4,
Christopher Yang,STAFF,ID,adm_126@iith.ac.in,adm_126,9242584117,4,
Adam Landry,STAFF,ID,adm_127@iith.ac.in,adm_127,6195577070,3,
Kelsey Smith,STAFF,ID,adm_128@iith.ac.in,adm_128,8680276634,4,
Mary Mendez,STAFF,ID,adm_129@iith.ac.in,adm_129,7391273008,4,
Stephanie Lynch,STAFF,ID,adm_130@iith.ac.in,adm_130,7935042313,1,
Kelly Moses,STAFF,ID,adm_131@iith.ac.in,adm_131,9552098813,3,
Teresa Eaton,STAFF,ID,adm_132@iith.ac.in,adm_132,8340701198,2,
Rickey Tyler,STAFF,ID,adm_133@iith.ac.in,adm_133,7877843536,1,
Richard Davis,STAFF,ID,adm_134@iith.ac.in,adm_134,9389907483,4,
Veronica Rodriguez,STAFF,ID,adm_135@iith.ac.in,adm_135,6558990148,5,
Sabrina Sims,STAFF,ID,adm_136@iith.ac.in,adm_136,9500965988,2,
Kenneth Cameron,STAFF,ID,adm_137@iith.ac.in,adm_137,7724213104,2,
Michelle Butler,STAFF,ID,adm_138@iith.ac.in,adm_138,8110020614,3,
Zachary Dunn,STAFF,ID,adm_139@iith.ac.in,adm_139,8744323942,3,
Edward Harvey,STAFF,ID,adm_140@iith.ac.in,adm_140,8434497788,3,
Kristin Davis,STAFF,ID,adm_141@iith.ac.in,adm_141,6732571516,5,
Mark Payne,STAFF,ID,adm_142@iith.ac.in,adm_142,8303715861,3,
Samantha Taylor,STAFF,ID,adm_143@iith.ac.in,adm_143,8507111992,5,
David Johnson,STAFF,ID,adm_144@iith.ac.in,adm_144,8580048773,3,
Ronald Jenkins,STAFF,ID,adm_145@iith.ac.in,adm_145,9281209719,1,
Robert King,STAFF,ID,adm_146@iith.ac.in,adm_146,6623514696,3,
Christina Matthews,STAFF,ID,adm_147@iith.ac.in,adm_147,7557567541,3,
Henry Brown,STAFF,ID,adm_148@iith.ac.in,adm_148,6369627065,5,
Scott Simpson,STAFF,ID,adm_149@iith.ac.in,adm_149,7495256992,2,
Tyler Williams,STAFF,ID,adm_150@iith.ac.in,adm_150,7320753628,3,
Jason Montoya,STAFF,ID,adm_151@iith.ac.in,adm_151,7189114926,5,
Erin Johnson,STAFF,ID,adm_152@iith.ac.in,adm_152,6014767469,4,
Erin Olson,STAFF,ID,adm_153@iith.ac.in,adm_153,8679402879,4,
Elizabeth Miller,STAFF,ID,adm_154@iith.ac.in,adm_154,6493646760,5,
John Rivera,STAFF,ID,adm_155@iith.ac.in,adm_155,8117963197,3,
Cathy Sandoval,STAFF,ID,adm_156@iith.ac.in,adm_156,7388620958,2,
Megan Butler,STAFF,ID,adm_157@iith.ac.in,adm_157,9883687775,1,
Gregory Davis,STAFF,ID,adm_158@iith.ac.in,adm_158,7981172936,3,
Ronald Brown,STAFF,ID,adm_159@iith.ac.in,adm_159,6370968217,1,
