NAME,Email ID,Phone No,Employeement,Department,Feedback,Patients
John Barnes,doc0@iith.ac.in,9023475009,DOCTOR,NEUROLOGY,4,71
Gerald Thomas,doc1@iith.ac.in,6419946742,DOCTOR,ORTHOPEDICS,1,91
Jacob Davis,doc2@iith.ac.in,6326529087,DOCTOR,CARDIOLOGY,4,31
Antonio Huang,doc3@iith.ac.in,6134960052,DOCTOR,GYNECOLOGY,3,93
Kari Dean,doc4@iith.ac.in,8470000078,DOCTOR,PULMONOLOGY,1,49
Paul Morgan,doc5@iith.ac.in,6871572307,DOCTOR,PEDIATRICS,2,8
Brittany Fisher,doc6@iith.ac.in,8135599725,DOCTOR,GENERAL MEDICINE,2,56
Patricia Walker,doc7@iith.ac.in,9602700366,DOCTOR,NEUROLOGY,5,15
Randy Simmons,doc8@iith.ac.in,9544147873,DOCTOR,ORTHOPEDICS,4,4
Robert Lewis,doc9@iith.ac.in,7841115304,DOCTOR,CARDIOLOGY,4,14
Tricia Brown,doc10@iith.ac.in,6304831403,DOCTOR,GYNECOLOGY,3,39
Samantha Stone,doc11@iith.ac.in,6839387338,DOCTOR,PULMONOLOGY,3,21
Rachel Foster,doc12@iith.ac.in,8210920768,DOCTOR,PEDIATRICS,1,51
Audrey Newman,doc13@iith.ac.in,6183141540,DOCTOR,GENERAL MEDICINE,1,87
Marc Cline,doc14@iith.ac.in,9688488709,DOCTOR,NEUROLOGY,1,73
Brian Douglas,doc15@iith.ac.in,6153956188,DOCTOR,ORTHOPEDICS,1,9
William Rodriguez,doc16@iith.ac.in,6278376899,DOCTOR,CARDIOLOGY,1,14
Courtney Hamilton,doc17@iith.ac.in,6104783563,DOCTOR,GYNECOLOGY,1,36
Mitchell Gonzales IV,doc18@iith.ac.in,8660750313,DOCTOR,PULMONOLOGY,1,38
Edward Walker,doc19@iith.ac.in,6578987441,DOCTOR,PEDIATRICS,4,1
Todd Osborne,doc20@iith.ac.in,6705325700,DOCTOR,GENERAL MEDICINE,5,73
Angela Santana,doc21@iith.ac.in,8055525552,DOCTOR,NEUROLOGY,5,0
Paige Holden,doc22@iith.ac.in,6202098820,DOCTOR,ORTHOPEDICS,3,91
Jennifer Rich,doc23@iith.ac.in,8601470179,DOCTOR,CARDIOLOGY,2,3
Jessica Spencer,doc24@iith.ac.in,9330356389,DOCTOR,GYNECOLOGY,4,42
Joshua Smith,doc25@iith.ac.in,6492564587,DOCTOR,PULMONOLOGY,2,21
Anna Jones,doc26@iith.ac.in,9084914991,DOCTOR,PEDIATRICS,5,88
Joseph Richardson,doc27@iith.ac.in,8156034051,DOCTOR,GENERAL MEDICINE,2,49
Robert Harris,doc28@iith.ac.in,8451668746,DOCTOR,NEUROLOGY,1,52
Jordan Conner,doc29@iith.ac.in,7941703928,DOCTOR,ORTHOPEDICS,4,43
Jeffrey Taylor,doc30@iith.ac.in,7630914886,DOCTOR,CARDIOLOGY,5,25
Lauren Howard,doc31@iith.ac.in,9735874997,DOCTOR,GYNECOLOGY,3,4
Miss Tracy Casey,doc32@iith.ac.in,8918116037,DOCTOR,PULMONOLOGY,2,81
Robert Scott,doc33@iith.ac.in,6498520120,DOCTOR,PEDIATRICS,1,23
Lauren David,doc34@iith.ac.in,8524177280,DOCTOR,GENERAL MEDICINE,3,80
Lucas Henry,doc35@iith.ac.in,6869720580,DOCTOR,NEUROLOGY,3,98
Corey Boyd,doc36@iith.ac.in,9882112845,DOCTOR,ORTHOPEDICS,2,7
Wayne Hayes,doc37@iith.ac.in,9067722149,DOCTOR,CARDIOLOGY,4,61
Sandra Higgins,doc38@iith.ac.in,6105674618,DOCTOR,GYNECOLOGY,3,71
Keith Miller,doc39@iith.ac.in,7966175967,DOCTOR,PULMONOLOGY,1,13
Krista Evans,doc40@iith.ac.in,6638904819,DOCTOR,PEDIATRICS,2,40
Charles Smith,doc41@iith.ac.in,6951970467,DOCTOR,GENERAL MEDICINE,5,73
Stephanie Armstrong,doc42@iith.ac.in,7316975702,DOCTOR,NEUROLOGY,2,91
Cynthia Arnold,doc43@iith.ac.in,8814610420,DOCTOR,ORTHOPEDICS,1,69
Travis King,doc44@iith.ac.in,6765484498,DOCTOR,CARDIOLOGY,5,17
Brent Campos,doc45@iith.ac.in,6350299267,DOCTOR,GYNECOLOGY,2,85
Sara Williams,doc46@iith.ac.in,6314415827,DOCTOR,PULMONOLOGY,5,51
Kristin Acosta,doc47@iith.ac.in,6480056402,DOCTOR,PEDIATRICS,4,81
Jared Flynn,doc48@iith.ac.in,7355692397,DOCTOR,GENERAL MEDICINE,1,80
Molly Weaver,doc49@iith.ac.in,7192893227,DOCTOR,NEUROLOGY,3,86
Craig Williams,doc50@iith.ac.in,6267336896,DOCTOR,ORTHOPEDICS,3,7
Rachel Abbott,doc51@iith.ac.in,6420293059,DOCTOR,CARDIOLOGY,2,34
Rachel Ware,doc52@iith.ac.in,7072820976,DOCTOR,GYNECOLOGY,3,78
Rose Tran,doc53@iith.ac.in,6697075697,DOCTOR,PULMONOLOGY,5,84
Courtney Kennedy,doc54@iith.ac.in,8989481918,DOCTOR,PEDIATRICS,4,44
Charles Spencer,doc55@iith.ac.in,7231389400,DOCTOR,GENERAL MEDICINE,4,46
Mike Anderson,doc56@iith.ac.in,6849864824,DOCTOR,NEUROLOGY,3,31
Aaron Singh,doc57@iith.ac.in,8842089419,DOCTOR,ORTHOPEDICS,3,81
Mark Vasquez,doc58@iith.ac.in,9889945186,DOCTOR,CARDIOLOGY,1,83
Jacob Fitzgerald,doc59@iith.ac.in,8687784482,DOCTOR,GYNECOLOGY,3,31
Jonathan Terry,doc60@iith.ac.in,6418547245,DOCTOR,PULMONOLOGY,4,71
Troy Thompson,doc61@iith.ac.in,6838674156,DOCTOR,PEDIATRICS,2,93
Melinda Jones,doc62@iith.ac.in,7611475441,DOCTOR,GENERAL MEDICINE,1,18
Todd Gregory,doc63@iith.ac.in,9320758066,DOCTOR,NEUROLOGY,4,90
Nancy Roberson,doc64@iith.ac.in,7475689284,DOCTOR,ORTHOPEDICS,4,24
Carl Todd,doc65@iith.ac.in,8879044469,DOCTOR,CARDIOLOGY,2,79
Katherine Melendez,doc66@iith.ac.in,7526699366,DOCTOR,GYNECOLOGY,5,64
Eric Martin,doc67@iith.ac.in,9033397245,DOCTOR,PULMONOLOGY,5,1
Amanda Hamilton,doc68@iith.ac.in,8477357526,DOCTOR,PEDIATRICS,3,72
Dr. Barbara Mendoza,doc69@iith.ac.in,7287177601,DOCTOR,GENERAL MEDICINE,2,5
Kathleen Baker,doc70@iith.ac.in,6365913470,DOCTOR,NEUROLOGY,1,77
Gregg Griffin,doc71@iith.ac.in,7430441044,DOCTOR,ORTHOPEDICS,1,63
Angela Gibson,doc72@iith.ac.in,9451148155,DOCTOR,CARDIOLOGY,5,40
James Lewis,doc73@iith.ac.in,8243552949,DOCTOR,GYNECOLOGY,2,81
Ruth Mcpherson,doc74@iith.ac.in,6126098656,DOCTOR,PULMONOLOGY,5,2
Jeff Webb,doc75@iith.ac.in,7368911110,DOCTOR,PEDIATRICS,4,94
Daniel Flowers,doc76@iith.ac.in,8153868181,DOCTOR,GENERAL MEDICINE,4,17
Mark Harris,doc77@iith.ac.in,8470068854,DOCTOR,NEUROLOGY,4,30
Luis Newton,doc78@iith.ac.in,7275004795,DOCTOR,ORTHOPEDICS,5,66
Donna Carrillo,doc79@iith.ac.in,9226266059,DOCTOR,CARDIOLOGY,1,6
Heather Marsh DDS,doc80@iith.ac.in,6654536982,DOCTOR,GYNECOLOGY,1,4
Richard Durham,doc81@iith.ac.in,7847586218,DOCTOR,PULMONOLOGY,3,56
Jessica Middleton,doc82@iith.ac.in,9286667928,DOCTOR,PEDIATRICS,3,5
James Fowler,doc83@iith.ac.in,8704176685,DOCTOR,GENERAL MEDICINE,3,30
Andrew Warren,doc84@iith.ac.in,8477335595,DOCTOR,NEUROLOGY,5,15
Christopher Garcia,doc85@iith.ac.in,8217587934,DOCTOR,ORTHOPEDICS,3,93
Michelle Murphy,doc86@iith.ac.in,7151125447,DOCTOR,CARDIOLOGY,2,56
Carrie Bryant,doc87@iith.ac.in,8993543325,DOCTOR,GYNECOLOGY,3,49
Jessica Shah,doc88@iith.ac.in,6669583922,DOCTOR,PULMONOLOGY,2,27
Matthew Cobb,doc89@iith.ac.in,6916428973,DOCTOR,PEDIATRICS,4,55
Kevin Lopez,doc90@iith.ac.in,9930216412,DOCTOR,GENERAL MEDICINE,2,65
David Gonzalez,doc91@iith.ac.in,6535577855,DOCTOR,NEUROLOGY,3,87
Sarah Orozco PhD,doc92@iith.ac.in,8226007963,DOCTOR,ORTHOPEDICS,1,21
Dennis Stewart,doc93@iith.ac.in,6050452846,DOCTOR,CARDIOLOGY,5,50
Angela Martinez,doc94@iith.ac.in,6592627964,DOCTOR,GYNECOLOGY,2,21
Aaron Powell,doc95@iith.ac.in,8965697033,DOCTOR,PULMONOLOGY,5,52
Melinda Diaz,doc96@iith.ac.in,7813272554,DOCTOR,PEDIATRICS,2,41
Emily Hamilton,doc97@iith.ac.in,9571092664,DOCTOR,GENERAL MEDICINE,1,52
Jesus Mccoy,doc98@iith.ac.in,7630032813,DOCTOR,NEUROLOGY,3,96
Virginia Johnson,doc99@iith.ac.in,6046146671,DOCTOR,ORTHOPEDICS,1,11
Lori Craig,doc100@iith.ac.in,9227541557,DOCTOR,CARDIOLOGY,3,46
Keith Farley,doc101@iith.ac.in,6614821490,DOCTOR,GYNECOLOGY,3,94
Brooke Wilson,doc102@iith.ac.in,6066252262,DOCTOR,PULMONOLOGY,2,86
Linda Kennedy,doc103@iith.ac.in,6781017824,DOCTOR,PEDIATRICS,1,73
Arthur Farmer MD,doc104@iith.ac.in,9857966075,DOCTOR,GENERAL MEDICINE,4,17
Adam Williams,doc105@iith.ac.in,7688352748,DOCTOR,NEUROLOGY,5,5
John Stark,doc106@iith.ac.in,7615566864,DOCTOR,ORTHOPEDICS,3,34
Kelly Taylor,doc107@iith.ac.in,8424250926,DOCTOR,CARDIOLOGY,4,3
Justin Marsh,doc108@iith.ac.in,8003903696,DOCTOR,GYNECOLOGY,2,14
Miguel Carrillo,doc109@iith.ac.in,9447987175,DOCTOR,PULMONOLOGY,1,79
Samantha Ramirez,doc110@iith.ac.in,9527840276,DOCTOR,PEDIATRICS,1,48
Nicole Vargas,doc111@iith.ac.in,7061370539,DOCTOR,GENERAL MEDICINE,2,1
Stephen Green,doc112@iith.ac.in,9712410160,DOCTOR,NEUROLOGY,1,97
Donald Ferguson,doc113@iith.ac.in,9885479799,DOCTOR,ORTHOPEDICS,1,78
Damon Murphy,doc114@iith.ac.in,7664977566,DOCTOR,CARDIOLOGY,1,78
Mary Edwards,doc115@iith.ac.in,7790524312,DOCTOR,GYNECOLOGY,4,49
Benjamin Montoya,doc116@iith.ac.in,6024784214,DOCTOR,PULMONOLOGY,3,79
Anne Powell,doc117@iith.ac.in,7067802017,DOCTOR,PEDIATRICS,1,96
Rachel Villarreal,doc118@iith.ac.in,8064996511,DOCTOR,GENERAL MEDICINE,1,64
Dawn Rangel,doc119@iith.ac.in,6142844107,DOCTOR,NEUROLOGY,2,10
Cynthia Hoffman,doc120@iith.ac.in,7983866204,DOCTOR,ORTHOPEDICS,5,65
Jeff Cooper,doc121@iith.ac.in,8700262932,DOCTOR,CARDIOLOGY,2,32
Nicole Burns,doc122@iith.ac.in,8502341645,DOCTOR,GYNECOLOGY,3,77
Debra Horton,doc123@iith.ac.in,8709492143,DOCTOR,PULMONOLOGY,4,15
Levi Travis,doc124@iith.ac.in,6166815936,DOCTOR,PEDIATRICS,1,57
William Johnston,doc125@iith.ac.in,8162403627,DOCTOR,GENERAL MEDICINE,5,28
Mary Hess,doc126@iith.ac.in,9455326818,DOCTOR,NEUROLOGY,5,92
Jose Ford,doc127@iith.ac.in,7701606246,DOCTOR,ORTHOPEDICS,5,52
Ryan Simmons,doc128@iith.ac.in,9268582270,DOCTOR,CARDIOLOGY,3,52
Jennifer Hall,doc129@iith.ac.in,8661352062,DOCTOR,GYNECOLOGY,3,72
Charles Rose,doc130@iith.ac.in,8046405404,DOCTOR,PULMONOLOGY,4,99
Evan Ramirez,doc131@iith.ac.in,8069823241,DOCTOR,PEDIATRICS,3,50
Kerry Hayes,doc132@iith.ac.in,6013100303,DOCTOR,GENERAL MEDICINE,2,28
Diane Robertson,doc133@iith.ac.in,7590625330,DOCTOR,NEUROLOGY,3,3
Nicole Nichols,doc134@iith.ac.in,6872670222,DOCTOR,ORTHOPEDICS,2,46
Brandon Cook,doc135@iith.ac.in,9782564298,DOCTOR,CARDIOLOGY,3,12
Gregory Lewis,doc136@iith.ac.in,8532202927,DOCTOR,GYNECOLOGY,1,48
Maria Graham,doc137@iith.ac.in,7807694540,DOCTOR,PULMONOLOGY,1,98
Jennifer Wright,doc138@iith.ac.in,9496422957,DOCTOR,PEDIATRICS,3,81
April Tucker,doc139@iith.ac.in,9370703229,DOCTOR,GENERAL MEDICINE,3,35
Crystal Abbott,doc140@iith.ac.in,7597143344,DOCTOR,NEUROLOGY,2,93
Jamie David,doc141@iith.ac.in,8574038904,DOCTOR,ORTHOPEDICS,1,16
Robert Gates,doc142@iith.ac.in,8259138920,DOCTOR,CARDIOLOGY,1,62
James Brown,doc143@iith.ac.in,6083449572,DOCTOR,GYNECOLOGY,5,15
Samantha Jackson,doc144@iith.ac.in,7350265597,DOCTOR,PULMONOLOGY,4,98
Matthew Craig,doc145@iith.ac.in,7451875119,DOCTOR,PEDIATRICS,1,23
Vanessa Mckee,doc146@iith.ac.in,7225095381,DOCTOR,GENERAL MEDICINE,5,65
Walter Chambers,doc147@iith.ac.in,6626348006,DOCTOR,NEUROLOGY,4,49
Amy Warner,doc148@iith.ac.in,6359938638,DOCTOR,ORTHOPEDICS,1,82
Kelly Walker,doc149@iith.ac.in,9870431941,DOCTOR,CARDIOLOGY,3,1
John Watson,doc150@iith.ac.in,9786583942,DOCTOR,GYNECOLOGY,2,43
Dr. Joshua Mitchell,doc151@iith.ac.in,8408060728,DOCTOR,PULMONOLOGY,4,8
Frederick Preston,doc152@iith.ac.in,8044374600,DOCTOR,PEDIATRICS,1,47
Christina Larson,doc153@iith.ac.in,6603489838,DOCTOR,GENERAL MEDICINE,2,49
Christy Cabrera,doc154@iith.ac.in,7045135931,DOCTOR,NEUROLOGY,2,66
Gabriel Wu,doc155@iith.ac.in,6637650243,DOCTOR,ORTHOPEDICS,2,61
Nicole Navarro,doc156@iith.ac.in,9303898665,DOCTOR,CARDIOLOGY,2,85
Sherri Garcia,doc157@iith.ac.in,6301245296,DOCTOR,GYNECOLOGY,1,14
Kelsey Turner,doc158@iith.ac.in,9919382776,DOCTOR,PULMONOLOGY,1,78
Curtis Estrada,doc159@iith.ac.in,8645237398,DOCTOR,PEDIATRICS,3,60
Jessica Clark,doc160@iith.ac.in,7999583288,DOCTOR,GENERAL MEDICINE,1,49
Gilbert Harper,doc161@iith.ac.in,7780053352,DOCTOR,NEUROLOGY,2,93
Luis Pena,doc162@iith.ac.in,9836636379,DOCTOR,ORTHOPEDICS,2,32
Kristin Sandoval,doc163@iith.ac.in,8492291057,DOCTOR,CARDIOLOGY,2,46
Kerry Roberson,doc164@iith.ac.in,7017831103,DOCTOR,GYNECOLOGY,1,73
Jerry Nelson,doc165@iith.ac.in,8583779420,DOCTOR,PULMONOLOGY,2,35
Casey Baker,doc166@iith.ac.in,6608640859,DOCTOR,PEDIATRICS,5,9
Angela Obrien,doc167@iith.ac.in,6305477615,DOCTOR,GENERAL MEDICINE,5,55
Shannon Hancock,doc168@iith.ac.in,9592641645,DOCTOR,NEUROLOGY,3,5
Brianna Jordan,doc169@iith.ac.in,8148254032,DOCTOR,ORTHOPEDICS,2,15
Victor Frey,doc170@iith.ac.in,7285140209,DOCTOR,CARDIOLOGY,3,20
Scott Williams,doc171@iith.ac.in,8454530936,DOCTOR,GYNECOLOGY,4,4
Selena Lane MD,doc172@iith.ac.in,8639142843,DOCTOR,PULMONOLOGY,3,24
Lisa Henry,doc173@iith.ac.in,6460916600,DOCTOR,PEDIATRICS,2,10
Heather Little,doc174@iith.ac.in,7116319791,DOCTOR,GENERAL MEDICINE,3,39
James Peterson,doc175@iith.ac.in,9323350446,DOCTOR,NEUROLOGY,4,78
William Martinez,doc176@iith.ac.in,7091620388,DOCTOR,ORTHOPEDICS,1,83
Andrew Lutz DDS,doc177@iith.ac.in,6557303574,DOCTOR,CARDIOLOGY,5,15
Matthew Howard,doc178@iith.ac.in,7428893816,DOCTOR,GYNECOLOGY,1,85
Kayla Young,doc179@iith.ac.in,8137095027,DOCTOR,PULMONOLOGY,2,40
Daniel Taylor,doc180@iith.ac.in,7857277373,DOCTOR,PEDIATRICS,4,63
Jill Ramirez,doc181@iith.ac.in,8140253733,DOCTOR,GENERAL MEDICINE,5,21
Maria Bradshaw,doc182@iith.ac.in,8682634955,DOCTOR,NEUROLOGY,3,92
Richard Garcia,doc183@iith.ac.in,6232683047,DOCTOR,ORTHOPEDICS,2,5
Randall Bell,doc184@iith.ac.in,9453402622,DOCTOR,CARDIOLOGY,4,62
Nicholas Melton,doc185@iith.ac.in,7031174217,DOCTOR,GYNECOLOGY,3,93
Christopher Ayers,doc186@iith.ac.in,7858263070,DOCTOR,PULMONOLOGY,5,1
Sherri Johnston,doc187@iith.ac.in,6366910558,DOCTOR,PEDIATRICS,4,95
Laura Gilbert DDS,doc188@iith.ac.in,9760907797,DOCTOR,GENERAL MEDICINE,3,56
David Smith,doc189@iith.ac.in,7789731106,DOCTOR,NEUROLOGY,2,92
Ruth Butler,doc190@iith.ac.in,9168020750,DOCTOR,ORTHOPEDICS,3,20
Tony Barry,doc191@iith.ac.in,8317992996,DOCTOR,CARDIOLOGY,5,52
Jason Jones,doc192@iith.ac.in,7456734517,DOCTOR,GYNECOLOGY,3,48
Donald Moore,doc193@iith.ac.in,7450522232,DOCTOR,PULMONOLOGY,5,1
Elizabeth Ray,doc194@iith.ac.in,8234810854,DOCTOR,PEDIATRICS,5,34
Susan Taylor,doc195@iith.ac.in,6569815993,DOCTOR,GENERAL MEDICINE,1,0
Charles Goodwin,doc196@iith.ac.in,8672885452,DOCTOR,NEUROLOGY,3,24
Patrick Braun,doc197@iith.ac.in,9860628174,DOCTOR,ORTHOPEDICS,2,95
Cindy Hunt,doc198@iith.ac.in,7464261314,DOCTOR,CARDIOLOGY,2,33
Ashley Robertson,doc199@iith.ac.in,6118019724,DOCTOR,GYNECOLOGY,1,35
Jennifer White,doc200@iith.ac.in,7561279842,DOCTOR,PULMONOLOGY,3,96
Jacqueline Barnes,doc201@iith.ac.in,8394927441,DOCTOR,PEDIATRICS,4,63
Bridget Bender,doc202@iith.ac.in,6594574466,DOCTOR,GENERAL MEDICINE,3,86
Virginia Carter,doc203@iith.ac.in,8777598966,DOCTOR,NEUROLOGY,5,14
Martin Pierce,doc204@iith.ac.in,7347285340,DOCTOR,ORTHOPEDICS,1,6
Patrick Thomas,doc205@iith.ac.in,7270033604,DOCTOR,CARDIOLOGY,5,13
Lisa Curry,doc206@iith.ac.in,6329881118,DOCTOR,GYNECOLOGY,1,78
Michael Stewart,doc207@iith.ac.in,6866610156,DOCTOR,PULMONOLOGY,4,98
Christian Butler,doc208@iith.ac.in,8520252704,DOCTOR,PEDIATRICS,1,97
Jeffrey Brown,doc209@iith.ac.in,9726224155,DOCTOR,GENERAL MEDICINE,1,5
Peter Waters,doc210@iith.ac.in,6613396608,DOCTOR,NEUROLOGY,2,96
Jean Fry,doc211@iith.ac.in,7381945650,DOCTOR,ORTHOPEDICS,2,7
Jonathan Mitchell,doc212@iith.ac.in,8670814245,DOCTOR,CARDIOLOGY,1,17
Ruth Savage,doc213@iith.ac.in,7915467948,DOCTOR,GYNECOLOGY,3,44
Alexis Garcia,doc214@iith.ac.in,9482083098,DOCTOR,PULMONOLOGY,2,22
Stephanie Carey,doc215@iith.ac.in,9602930272,DOCTOR,PEDIATRICS,5,96
Valerie Wilson,doc216@iith.ac.in,6925040683,DOCTOR,GENERAL MEDICINE,4,61
Katherine Hubbard,doc217@iith.ac.in,6716848944,DOCTOR,NEUROLOGY,3,3
Erik Roth,doc218@iith.ac.in,9279223964,DOCTOR,ORTHOPEDICS,2,39
Victoria Reyes,doc219@iith.ac.in,7190628298,DOCTOR,CARDIOLOGY,2,51
David Orozco,doc220@iith.ac.in,9820101254,DOCTOR,GYNECOLOGY,4,41
Henry Nelson,doc221@iith.ac.in,9710100623,DOCTOR,PULMONOLOGY,4,77
Lisa Conrad,doc222@iith.ac.in,7075829352,DOCTOR,PEDIATRICS,4,83
James Porter,doc223@iith.ac.in,6804427569,DOCTOR,GENERAL MEDICINE,5,28
Belinda Eaton,doc224@iith.ac.in,6826602165,DOCTOR,NEUROLOGY,4,27
Meghan Evans,doc225@iith.ac.in,7324479391,DOCTOR,ORTHOPEDICS,2,17
Joseph Collins,doc226@iith.ac.in,9965021339,DOCTOR,CARDIOLOGY,4,23
Claudia Garcia,doc227@iith.ac.in,7754673365,DOCTOR,GYNECOLOGY,1,54
Christopher Patterson,doc228@iith.ac.in,9461504768,DOCTOR,PULMONOLOGY,5,59
Miranda Ruiz,doc229@iith.ac.in,8283205031,DOCTOR,PEDIATRICS,5,50
Michael Schaefer,doc230@iith.ac.in,7357922906,DOCTOR,GENERAL MEDICINE,1,71
David Miller,doc231@iith.ac.in,8017086911,DOCTOR,NEUROLOGY,4,22
Trevor White,doc232@iith.ac.in,9952231560,DOCTOR,ORTHOPEDICS,1,4
Mr. Ronald Gross MD,doc233@iith.ac.in,9267648860,DOCTOR,CARDIOLOGY,2,91
Randall Yang,doc234@iith.ac.in,8848888666,DOCTOR,GYNECOLOGY,1,96
John Compton,doc235@iith.ac.in,6318452121,DOCTOR,PULMONOLOGY,5,8
Alyssa West,doc236@iith.ac.in,9317904081,DOCTOR,PEDIATRICS,1,9
Kristen Wells,doc237@iith.ac.in,8918827253,DOCTOR,GENERAL MEDICINE,5,96
Beverly Davis,doc238@iith.ac.in,7557240674,DOCTOR,NEUROLOGY,2,53
James Tran,doc239@iith.ac.in,7082417697,DOCTOR,ORTHOPEDICS,3,43
Matthew Schneider PhD,doc240@iith.ac.in,9198550071,DOCTOR,CARDIOLOGY,5,12
Morgan Brown,doc241@iith.ac.in,9422162117,DOCTOR,GYNECOLOGY,1,59
Jorge Jimenez,doc242@iith.ac.in,7017975114,DOCTOR,PULMONOLOGY,5,0
Joseph Dixon,doc243@iith.ac.in,9679509684,DOCTOR,PEDIATRICS,1,79
Marcus Baker,doc244@iith.ac.in,9084977591,DOCTOR,GENERAL MEDICINE,3,65
Deborah Yoder,doc245@iith.ac.in,8769697849,DOCTOR,NEUROLOGY,4,30
Paige Patrick,nur0@iith.ac.in,8614226603,NURSE,ORTHOPEDICS,2,34
Wendy Castillo,nur1@iith.ac.in,9976060244,NURSE,CARDIOLOGY,1,83
Beth Clark,nur2@iith.ac.in,6830453966,NURSE,GYNECOLOGY,3,47
Joshua Higgins,nur3@iith.ac.in,9748401691,NURSE,PULMONOLOGY,3,81
Amanda Kline,nur4@iith.ac.in,7588481301,NURSE,PEDIATRICS,2,76
Alyssa Moore,nur5@iith.ac.in,9510065799,NURSE,GENERAL MEDICINE,1,55
William Bradley,nur6@iith.ac.in,7490004830,NURSE,NEUROLOGY,5,11
Steven Cummings,nur7@iith.ac.in,8053655353,NURSE,ORTHOPEDICS,1,14
David Wright DDS,nur8@iith.ac.in,7876479527,NURSE,CARDIOLOGY,1,63
Troy Harris,nur9@iith.ac.in,7742596701,NURSE,GYNECOLOGY,3,25
Nathan Page,nur10@iith.ac.in,7823796249,NURSE,PULMONOLOGY,3,25
Felicia Mcdaniel,nur11@iith.ac.in,9872764804,NURSE,PEDIATRICS,4,95
Sherry Smith,nur12@iith.ac.in,6745243789,NURSE,GENERAL MEDICINE,3,86
Tonya Vazquez,nur13@iith.ac.in,9762661726,NURSE,NEUROLOGY,1,39
Laura Krause,nur14@iith.ac.in,9645978998,NURSE,ORTHOPEDICS,3,61
Grace Williams,nur15@iith.ac.in,7544895843,NURSE,CARDIOLOGY,3,20
Adam Burton,nur16@iith.ac.in,6659790498,NURSE,GYNECOLOGY,2,5
Jason Novak,nur17@iith.ac.in,6026863923,NURSE,PULMONOLOGY,5,47
Sheila Mueller,nur18@iith.ac.in,7612032647,NURSE,PEDIATRICS,1,60
Jennifer Hernandez,nur19@iith.ac.in,6740855813,NURSE,GENERAL MEDICINE,4,84
David Simpson,nur20@iith.ac.in,7485556638,NURSE,NEUROLOGY,2,35
Kelly Combs,nur21@iith.ac.in,7958162855,NURSE,ORTHOPEDICS,1,58
Mark Simmons,nur22@iith.ac.in,9878017783,NURSE,CARDIOLOGY,2,46
Erica Rivas,nur23@iith.ac.in,7676840347,NURSE,GYNECOLOGY,2,10
Zachary Allen,nur24@iith.ac.in,8710391324,NURSE,PULMONOLOGY,5,92
John Miller,nur25@iith.ac.in,7697639012,NURSE,PEDIATRICS,3,90
Lisa Gallagher,nur26@iith.ac.in,8257353708,NURSE,GENERAL MEDICINE,5,93
Heather Richardson,nur27@iith.ac.in,6277629340,NURSE,NEUROLOGY,3,53
Ricky Edwards,nur28@iith.ac.in,8755804283,NURSE,ORTHOPEDICS,4,23
John Marquez,nur29@iith.ac.in,8875067649,NURSE,CARDIOLOGY,3,68
Nicole Rollins,nur30@iith.ac.in,7251830580,NURSE,GYNECOLOGY,5,78
Sheila Blevins,nur31@iith.ac.in,8996793607,NURSE,PULMONOLOGY,4,58
Kathryn Sanchez,nur32@iith.ac.in,7713542705,NURSE,PEDIATRICS,3,56
Beth Davenport,nur33@iith.ac.in,7534400199,NURSE,GENERAL MEDICINE,2,4
Jasmine Peterson,nur34@iith.ac.in,8294781082,NURSE,NEUROLOGY,2,73
Mary Cooke,nur35@iith.ac.in,7858309621,NURSE,ORTHOPEDICS,5,30
Jo Lynn,nur36@iith.ac.in,9794630466,NURSE,CARDIOLOGY,4,62
Paige Wallace,nur37@iith.ac.in,9226035363,NURSE,GYNECOLOGY,5,75
Maureen Adkins,nur38@iith.ac.in,8343717903,NURSE,PULMONOLOGY,5,71
Antonio Williams,nur39@iith.ac.in,6078378789,NURSE,PEDIATRICS,4,55
Troy Barry,nur40@iith.ac.in,9254173319,NURSE,GENERAL MEDICINE,1,37
Leslie Johnson,nur41@iith.ac.in,6965463196,NURSE,NEUROLOGY,5,38
Rachel Castro,nur42@iith.ac.in,6315621469,NURSE,ORTHOPEDICS,5,59
Alan Lambert,nur43@iith.ac.in,7288709536,NURSE,CARDIOLOGY,3,94
Amy Silva,nur44@iith.ac.in,7870365788,NURSE,GYNECOLOGY,3,39
Virginia Oliver,nur45@iith.ac.in,9388277723,NURSE,PULMONOLOGY,1,63
Autumn Sutton,nur46@iith.ac.in,7661723585,NURSE,PEDIATRICS,4,4
Tammy Estrada,nur47@iith.ac.in,6556730961,NURSE,GENERAL MEDICINE,2,69
Diane Day,nur48@iith.ac.in,6311234743,NURSE,NEUROLOGY,4,6
Judy Larson,nur49@iith.ac.in,6324182203,NURSE,ORTHOPEDICS,2,65
Paige Burke,nur50@iith.ac.in,7011194337,NURSE,CARDIOLOGY,5,51
Daniel Mcbride,nur51@iith.ac.in,6953361650,NURSE,GYNECOLOGY,3,19
Zachary Swanson,nur52@iith.ac.in,8527145185,NURSE,PULMONOLOGY,2,23
Christopher Coleman,nur53@iith.ac.in,6630318846,NURSE,PEDIATRICS,4,96
Christopher Brown,nur54@iith.ac.in,8703868122,NURSE,GENERAL MEDICINE,1,31
Antonio Freeman,nur55@iith.ac.in,8590730192,NURSE,NEUROLOGY,4,76
Melissa Garza,nur56@iith.ac.in,9861942252,NURSE,ORTHOPEDICS,3,24
Preston Cole,nur57@iith.ac.in,8644860165,NURSE,CARDIOLOGY,3,58
Sarah Castillo,nur58@iith.ac.in,7415596250,NURSE,GYNECOLOGY,3,19
William Johnson,nur59@iith.ac.in,8160911048,NURSE,PULMONOLOGY,4,4
Matthew Petty,nur60@iith.ac.in,6935670899,NURSE,PEDIATRICS,4,61
Ryan Wilson,nur61@iith.ac.in,7013070024,NURSE,GENERAL MEDICINE,2,65
Michael Lawson,nur62@iith.ac.in,7131861773,NURSE,NEUROLOGY,5,6
Charles Mitchell,nur63@iith.ac.in,9454774247,NURSE,ORTHOPEDICS,5,78
Victoria Hester,nur64@iith.ac.in,9842204423,NURSE,CARDIOLOGY,3,42
Heather Bradley,nur65@iith.ac.in,7267221502,NURSE,GYNECOLOGY,3,38
Samuel Kline,nur66@iith.ac.in,9666295866,NURSE,PULMONOLOGY,5,67
John Mitchell Jr.,nur67@iith.ac.in,6451784595,NURSE,PEDIATRICS,3,85
Robert Taylor,nur68@iith.ac.in,7913858640,NURSE,GENERAL MEDICINE,5,80
Kaitlyn Sims,nur69@iith.ac.in,8358403324,NURSE,NEUROLOGY,4,10
Joan Carlson,nur70@iith.ac.in,6488406293,NURSE,ORTHOPEDICS,3,39
Jason Lambert,nur71@iith.ac.in,8546258556,NURSE,CARDIOLOGY,2,61
Paul Meyer,nur72@iith.ac.in,6738388559,NURSE,GYNECOLOGY,5,29
Julia Gutierrez,nur73@iith.ac.in,6136498062,NURSE,PULMONOLOGY,4,35
Katherine Cox,nur74@iith.ac.in,7260424169,NURSE,PEDIATRICS,3,88
Christopher Scott,stf0@iith.ac.in,6800056303,STAFF,GENERAL MEDICINE,4,70
Aaron Blake,stf1@iith.ac.in,9065956764,STAFF,NEUROLOGY,3,37
Derek Brown,stf2@iith.ac.in,8448748800,STAFF,ORTHOPEDICS,3,100
Samuel Weeks,stf3@iith.ac.in,8271801446,STAFF,CARDIOLOGY,4,28
April Richardson,stf4@iith.ac.in,8596266511,STAFF,GYNECOLOGY,5,52
Megan Price,stf5@iith.ac.in,7886397269,STAFF,PULMONOLOGY,4,10
Michael Martinez,stf6@iith.ac.in,8667698964,STAFF,PEDIATRICS,5,44
Ricky Evans,stf7@iith.ac.in,6886997030,STAFF,GENERAL MEDICINE,2,11
Russell Young,stf8@iith.ac.in,7226964427,STAFF,NEUROLOGY,2,50
Jessica Levy,stf9@iith.ac.in,7998704160,STAFF,ORTHOPEDICS,1,53
Matthew Hernandez,stf10@iith.ac.in,7203874514,STAFF,CARDIOLOGY,1,83
Chad Owens,stf11@iith.ac.in,7122010463,STAFF,GYNECOLOGY,5,71
Julia Phillips,stf12@iith.ac.in,6004311513,STAFF,PULMONOLOGY,2,92
Louis Ross,stf13@iith.ac.in,6981132904,STAFF,PEDIATRICS,3,45
Elizabeth Wiggins,stf14@iith.ac.in,9943821033,STAFF,GENERAL MEDICINE,5,64
Jennifer Rodriguez,stf15@iith.ac.in,9597673896,STAFF,NEUROLOGY,5,75
Jenna Davis,stf16@iith.ac.in,6710014949,STAFF,ORTHOPEDICS,1,32
Ashley Higgins,stf17@iith.ac.in,9906285596,STAFF,CARDIOLOGY,5,57
Robyn Walker,stf18@iith.ac.in,6858864209,STAFF,GYNECOLOGY,1,9
Travis Baker,stf19@iith.ac.in,9352810545,STAFF,PULMONOLOGY,5,13
Michelle Brown,stf20@iith.ac.in,8458790323,STAFF,PEDIATRICS,5,28
Judy Powers,stf21@iith.ac.in,7543918675,STAFF,GENERAL MEDICINE,5,30
Tanya Frey,stf22@iith.ac.in,7236304581,STAFF,NEUROLOGY,2,35
David Wilson,stf23@iith.ac.in,8868457969,STAFF,ORTHOPEDICS,4,96
Spencer Turner,stf24@iith.ac.in,6359622302,STAFF,CARDIOLOGY,1,40
Megan Mclean,stf25@iith.ac.in,9020101802,STAFF,GYNECOLOGY,3,78
Marie Rodriguez,stf26@iith.ac.in,7470519084,STAFF,PULMONOLOGY,3,8
Thomas Jordan,stf27@iith.ac.in,6952806454,STAFF,PEDIATRICS,3,13
Brian Williams,stf28@iith.ac.in,6705282025,STAFF,GENERAL MEDICINE,1,74
Caroline Decker,stf29@iith.ac.in,8312648730,STAFF,NEUROLOGY,5,57
Timothy Hall,stf30@iith.ac.in,6960522668,STAFF,ORTHOPEDICS,4,75
Michael Beck,stf31@iith.ac.in,8353846262,STAFF,CARDIOLOGY,3,36
Joseph Dillon,stf32@iith.ac.in,8317090943,STAFF,GYNECOLOGY,4,84
Amanda Higgins,stf33@iith.ac.in,7738451575,STAFF,PULMONOLOGY,2,60
Samantha Alexander,stf34@iith.ac.in,6049845379,STAFF,PEDIATRICS,2,40
Samantha Mason,stf35@iith.ac.in,8318230058,STAFF,GENERAL MEDICINE,4,20
Jeffrey Palmer,stf36@iith.ac.in,9713477787,STAFF,NEUROLOGY,3,61
Matthew Cook,stf37@iith.ac.in,8438995207,STAFF,ORTHOPEDICS,2,46
Julie Stark,stf38@iith.ac.in,8250923559,STAFF,CARDIOLOGY,4,72
Claudia Pham,stf39@iith.ac.in,7643556247,STAFF,GYNECOLOGY,1,40
Justin Perez,stf40@iith.ac.in,8439397996,STAFF,PULMONOLOGY,4,73
Derrick Orr,stf41@iith.ac.in,7662929343,STAFF,PEDIATRICS,3,87
Kyle James,stf42@iith.ac.in,6493935730,STAFF,GENERAL MEDICINE,3,56
Kimberly Carter,stf43@iith.ac.in,6724621284,STAFF,NEUROLOGY,4,67
Molly Hanson,stf44@iith.ac.in,6319425565,STAFF,ORTHOPEDICS,5,96
Todd Nichols,stf45@iith.ac.in,8999768952,STAFF,CARDIOLOGY,1,78
Seth James,stf46@iith.ac.in,9559668463,STAFF,GYNECOLOGY,3,54
Wayne Norris,stf47@iith.ac.in,9564903472,STAFF,PULMONOLOGY,2,24
Frank Stanton,stf48@iith.ac.in,7885760011,STAFF,PEDIATRICS,5,67
Stephanie Peterson,stf49@iith.ac.in,8188270646,STAFF,GENERAL MEDICINE,1,33
Shannon Washington,stf50@iith.ac.in,8822656077,STAFF,NEUROLOGY,5,68
Renee Garcia,stf51@iith.ac.in,7300397925,STAFF,ORTHOPEDICS,4,90
Nicole Stuart,stf52@iith.ac.in,9919045050,STAFF,CARDIOLOGY,2,1
Jacob Adams,stf53@iith.ac.in,6521988947,STAFF,GYNECOLOGY,1,5
Michael Smith,stf54@iith.ac.in,8700417584,STAFF,PULMONOLOGY,1,42
Miranda Smith,stf55@iith.ac.in,9540962321,STAFF,PEDIATRICS,1,43
Jessica Johnson,stf56@iith.ac.in,8528416718,STAFF,GENERAL MEDICINE,4,71
Angela Miller,stf57@iith.ac.in,9283592584,STAFF,NEUROLOGY,4,17
Robert Jones,stf58@iith.ac.in,6459883293,STAFF,ORTHOPEDICS,5,65
Kimberly Leblanc,stf59@iith.ac.in,6937524669,STAFF,CARDIOLOGY,4,31
Tiffany Rogers,stf60@iith.ac.in,6580672101,STAFF,GYNECOLOGY,3,6
Andrew Ramos,stf61@iith.ac.in,8838014103,STAFF,PULMONOLOGY,3,13
Patricia Berger,stf62@iith.ac.in,7866932887,STAFF,PEDIATRICS,5,61
Courtney Howard,stf63@iith.ac.in,9544867073,STAFF,GENERAL MEDICINE,5,70
Ashley Vaughan,stf64@iith.ac.in,7487852839,STAFF,NEUROLOGY,2,8
Laura Carter,stf65@iith.ac.in,6311860021,STAFF,ORTHOPEDICS,4,77
William Campbell,stf66@iith.ac.in,8922223506,STAFF,CARDIOLOGY,3,76
Krista Harris,stf67@iith.ac.in,9064746195,STAFF,GYNECOLOGY,5,80
Andre Griffin,stf68@iith.ac.in,8383584895,STAFF,PULMONOLOGY,5,91
Leslie Walker,stf69@iith.ac.in,8140942851,STAFF,PEDIATRICS,5,28
Anthony Hall,stf70@iith.ac.in,9597795099,STAFF,GENERAL MEDICINE,5,70
John Randall,stf71@iith.ac.in,9536740819,STAFF,NEUROLOGY,4,6
Cody Fields,stf72@iith.ac.in,6117955259,STAFF,ORTHOPEDICS,2,5
Thomas Williams,stf73@iith.ac.in,9179686530,STAFF,CARDIOLOGY,2,41
Matthew Miller,stf74@iith.ac.in,8569212416,STAFF,GYNECOLOGY,4,86
Stephen Reyes,stf75@iith.ac.in,6219625759,STAFF,PULMONOLOGY,4,45
Stacie Allen,stf76@iith.ac.in,8182517123,STAFF,PEDIATRICS,1,39
Thomas Bishop,stf77@iith.ac.in,7810484227,STAFF,GENERAL MEDICINE,3,62
Katrina Schwartz,stf78@iith.ac.in,9072068983,STAFF,NEUROLOGY,3,98
Kelsey Robinson,stf79@iith.ac.in,8958188785,STAFF,ORTHOPEDICS,1,22
Robert Beck,stf80@iith.ac.in,7946791045,STAFF,CARDIOLOGY,1,58
Traci Lopez,stf81@iith.ac.in,7545488293,STAFF,GYNECOLOGY,5,75
Tina Small,stf82@iith.ac.in,9101406283,STAFF,PULMONOLOGY,2,85
Sabrina Alvarado,stf83@iith.ac.in,9153144877,STAFF,PEDIATRICS,1,52
David Nguyen,stf84@iith.ac.in,7063254257,STAFF,GENERAL MEDICINE,1,8
Jeremy Francis,stf85@iith.ac.in,8388815335,STAFF,NEUROLOGY,3,33
Michele Ferguson,stf86@iith.ac.in,8027704756,STAFF,ORTHOPEDICS,4,35
Tricia Ochoa,stf87@iith.ac.in,9428196587,STAFF,CARDIOLOGY,4,11
Samantha Stephens,stf88@iith.ac.in,8344688813,STAFF,GYNECOLOGY,3,84
Randall Wheeler,stf89@iith.ac.in,6359061729,STAFF,PULMONOLOGY,5,94
Kenneth Buckley,stf90@iith.ac.in,8949648536,STAFF,PEDIATRICS,2,54
Victoria Byrd,stf91@iith.ac.in,8806272026,STAFF,GENERAL MEDICINE,3,71
Robert Smith,stf92@iith.ac.in,9748645734,STAFF,NEUROLOGY,5,63
James Nichols,stf93@iith.ac.in,7179866536,STAFF,ORTHOPEDICS,5,20
Katrina Alvarez,stf94@iith.ac.in,8621257262,STAFF,CARDIOLOGY,1,28
Taylor Pennington,stf95@iith.ac.in,9881401099,STAFF,GYNECOLOGY,5,44
Kim Brown,stf96@iith.ac.in,7439207464,STAFF,PULMONOLOGY,3,43
Taylor Campos,stf97@iith.ac.in,7701102696,STAFF,PEDIATRICS,4,22
Gabriel Valdez,stf98@iith.ac.in,8765738271,STAFF,GENERAL MEDICINE,3,57
Jeanette Huynh,stf99@iith.ac.in,8759350079,STAFF,NEUROLOGY,1,62
Andrew Boyd,stf100@iith.ac.in,8577416111,STAFF,ORTHOPEDICS,1,16
Sandra Flores,stf101@iith.ac.in,9418006487,STAFF,CARDIOLOGY,1,79
Scott James,stf102@iith.ac.in,8684329647,STAFF,GYNECOLOGY,3,90
Thomas Garza,stf103@iith.ac.in,8479637128,STAFF,PULMONOLOGY,3,36
Kelly Murphy,stf104@iith.ac.in,6097415874,STAFF,PEDIATRICS,1,52
Kimberly Michael,stf105@iith.ac.in,7481682714,STAFF,GENERAL MEDICINE,4,93
Elizabeth Holder,stf106@iith.ac.in,9859636169,STAFF,NEUROLOGY,4,86
Maria Armstrong,stf107@iith.ac.in,9337699779,STAFF,ORTHOPEDICS,2,79
Samuel Jenkins,stf108@iith.ac.in,8070266594,STAFF,CARDIOLOGY,1,76
Emily Stephenson,stf109@iith.ac.in,9169699773,STAFF,GYNECOLOGY,1,77
Stephen Jones,stf110@iith.ac.in,8093421809,STAFF,PULMONOLOGY,5,50
Aaron Hughes,stf111@iith.ac.in,7691984269,STAFF,PEDIATRICS,2,7
Tina Snyder,stf112@iith.ac.in,6999617216,STAFF,GENERAL MEDICINE,3,63
Maurice Cooper,stf113@iith.ac.in,6847618103,STAFF,NEUROLOGY,4,100
Janice Houston,stf114@iith.ac.in,6650378561,STAFF,ORTHOPEDICS,3,7
Gordon Taylor MD,stf115@iith.ac.in,6568535979,STAFF,CARDIOLOGY,5,21
Wendy Baker,stf116@iith.ac.in,9018965385,STAFF,GYNECOLOGY,2,47
Alexis Peterson,stf117@iith.ac.in,6104282273,STAFF,PULMONOLOGY,5,10
Sarah Mendoza,stf118@iith.ac.in,6512602400,STAFF,PEDIATRICS,4,2
Brent Peterson,stf119@iith.ac.in,7996984659,STAFF,GENERAL MEDICINE,4,8
Mario Coleman,stf120@iith.ac.in,9489340999,STAFF,NEUROLOGY,2,37
Kimberly Schmidt,stf121@iith.ac.in,8236502201,STAFF,ORTHOPEDICS,4,13
Patrick Pierce,stf122@iith.ac.in,8762824979,STAFF,CARDIOLOGY,1,80
Amy Hernandez,stf123@iith.ac.in,7738004816,STAFF,GYNECOLOGY,5,65
Michael Payne,stf124@iith.ac.in,8951974178,STAFF,PULMONOLOGY,5,2
Kathleen Barnes,stf125@iith.ac.in,7413140661,STAFF,PEDIATRICS,5,47
Tommy Ellis,stf126@iith.ac.in,9380401103,STAFF,GENERAL MEDICINE,1,4
Jason Hurst,stf127@iith.ac.in,9353920545,STAFF,NEUROLOGY,5,70
Amber Montoya,stf128@iith.ac.in,7013408666,STAFF,ORTHOPEDICS,1,54
Gregory Mcdonald,stf129@iith.ac.in,6949192563,STAFF,CARDIOLOGY,2,95
Lori Garrett,stf130@iith.ac.in,7320804204,STAFF,GYNECOLOGY,4,89
Kevin Powell,stf131@iith.ac.in,6439009628,STAFF,PULMONOLOGY,4,29
Jamie Munoz,stf132@iith.ac.in,7213053857,STAFF,PEDIATRICS,4,74
Pamela Miller,stf133@iith.ac.in,7551040195,STAFF,GENERAL MEDICINE,5,81
Ashley Gomez,stf134@iith.ac.in,8039347739,STAFF,NEUROLOGY,5,6
Courtney Hamilton,stf135@iith.ac.in,8620825254,STAFF,ORTHOPEDICS,3,13
George Harding,stf136@iith.ac.in,9913442491,STAFF,CARDIOLOGY,2,73
Jennifer Thompson,stf137@iith.ac.in,6084494955,STAFF,GYNECOLOGY,4,3
Chloe Hancock,stf138@iith.ac.in,6212537999,STAFF,PULMONOLOGY,1,18
Ashley Hudson,stf139@iith.ac.in,7461878779,STAFF,PEDIATRICS,5,49
Christopher Espinoza,stf140@iith.ac.in,6305221356,STAFF,GENERAL MEDICINE,5,85
Steven Nicholson MD,stf141@iith.ac.in,6487350658,STAFF,NEUROLOGY,4,90
Stephen Wells,stf142@iith.ac.in,6793951526,STAFF,ORTHOPEDICS,5,45
Katherine Wilkinson,stf143@iith.ac.in,9061402822,STAFF,CARDIOLOGY,1,72
Kevin Fernandez,stf144@iith.ac.in,9882771033,STAFF,GYNECOLOGY,3,36
Tracy Dawson,stf145@iith.ac.in,8682815396,STAFF,PULMONOLOGY,2,65
Kimberly Wood,stf146@iith.ac.in,7301836833,STAFF,PEDIATRICS,2,89
Matthew Long,stf147@iith.ac.in,6493648186,STAFF,GENERAL MEDICINE,2,27
Rachel Young,stf148@iith.ac.in,8853257623,STAFF,NEUROLOGY,2,81
Kyle Ramsey,stf149@iith.ac.in,7239942837,STAFF,ORTHOPEDICS,4,43
Derrick Smith,stf150@iith.ac.in,7714945691,STAFF,CARDIOLOGY,2,61
Cassandra Baker,stf151@iith.ac.in,8616761473,STAFF,GYNECOLOGY,5,63
Jacob Cox,stf152@iith.ac.in,8528033121,STAFF,PULMONOLOGY,1,72
Janice Schultz,stf153@iith.ac.in,6077299980,STAFF,PEDIATRICS,5,87
Daniel Bernard,stf154@iith.ac.in,9338034881,STAFF,GENERAL MEDICINE,2,40
Deanna Johnson,stf155@iith.ac.in,9386138158,STAFF,NEUROLOGY,4,30
Nicole Ferguson,stf156@iith.ac.in,6292884849,STAFF,ORTHOPEDICS,3,53
Sara Jones,stf157@iith.ac.in,6467734129,STAFF,CARDIOLOGY,3,49
Karen Barber,stf158@iith.ac.in,9496866906,STAFF,GYNECOLOGY,5,55
Erica Rice,stf159@iith.ac.in,7923971501,STAFF,PULMONOLOGY,5,96
Nicole Willis,stf160@iith.ac.in,6460436407,STAFF,PEDIATRICS,1,21
James Case,stf161@iith.ac.in,8334135400,STAFF,GENERAL MEDICINE,1,82
John Phillips,stf162@iith.ac.in,8461906300,STAFF,NEUROLOGY,3,25
Leah Wheeler,stf163@iith.ac.in,8782595472,STAFF,ORTHOPEDICS,2,19
Toni Owens,dor246@iith.ac.in,8896589975,DOCTOR,CARDIOLOGY,1,87
Rickey Carson,dor247@iith.ac.in,8383935230,DOCTOR,GYNECOLOGY,4,5
Steven Baker,dor248@iith.ac.in,9985466730,DOCTOR,PULMONOLOGY,1,47
Stephen Kirk,dor249@iith.ac.in,9903595797,DOCTOR,PEDIATRICS,2,82
Christopher Mcclure,dor250@iith.ac.in,7047469395,DOCTOR,GENERAL MEDICINE,4,19
Joe Medina,dor251@iith.ac.in,9898448996,DOCTOR,NEUROLOGY,5,96
Cheyenne Singh,dor252@iith.ac.in,6207975272,DOCTOR,ORTHOPEDICS,4,42
Jamie Sanders,dor253@iith.ac.in,9921175848,DOCTOR,CARDIOLOGY,5,62
Gina Anderson,dor254@iith.ac.in,6020695756,DOCTOR,GYNECOLOGY,2,86
Alison Jackson,dor255@iith.ac.in,7367433258,DOCTOR,PULMONOLOGY,4,79
Jennifer Gaines,dor256@iith.ac.in,7143759919,DOCTOR,PEDIATRICS,1,87
Shawn Finley,dor257@iith.ac.in,8555255745,DOCTOR,GENERAL MEDICINE,3,49
Tara Garcia,dor258@iith.ac.in,9223246151,DOCTOR,NEUROLOGY,5,33
Robin Walker,dor259@iith.ac.in,8946929098,DOCTOR,ORTHOPEDICS,1,24
Philip Lewis,dor260@iith.ac.in,9013093644,DOCTOR,CARDIOLOGY,3,40
Meredith Oconnor,dor261@iith.ac.in,6482176017,DOCTOR,GYNECOLOGY,5,13
Jason Quinn,dor262@iith.ac.in,6768363396,DOCTOR,PULMONOLOGY,2,96
David Davis,dor263@iith.ac.in,8638436092,DOCTOR,PEDIATRICS,4,89
Tiffany Wilson,dor264@iith.ac.in,8203841947,DOCTOR,GENERAL MEDICINE,1,1
Jesse David,dor265@iith.ac.in,6980510608,DOCTOR,NEUROLOGY,4,71
Michael Carroll MD,dor266@iith.ac.in,6284623111,DOCTOR,ORTHOPEDICS,4,14
Lawrence Mullen,dor267@iith.ac.in,6782647077,DOCTOR,CARDIOLOGY,5,21
Melody Simmons,dor268@iith.ac.in,8980634381,DOCTOR,GYNECOLOGY,5,43
Robert Boyer,dor269@iith.ac.in,8911445282,DOCTOR,PULMONOLOGY,5,87
Amy Garcia,dor270@iith.ac.in,6321137860,DOCTOR,PEDIATRICS,5,50
Robert Miller,dor271@iith.ac.in,8174887746,DOCTOR,GENERAL MEDICINE,4,75
Stacey Nguyen,dor272@iith.ac.in,7949366014,DOCTOR,NEUROLOGY,1,72
William Sanchez,dor273@iith.ac.in,7117708664,DOCTOR,ORTHOPEDICS,1,47
Sandra Rosales,dor274@iith.ac.in,8547100382,DOCTOR,CARDIOLOGY,1,49
Austin Farley,dor275@iith.ac.in,8771305329,DOCTOR,GYNECOLOGY,3,53
Gail Romero,dor276@iith.ac.in,8683665064,DOCTOR,PULMONOLOGY,5,55
Eric Sanchez,dor277@iith.ac.in,8064147459,DOCTOR,PEDIATRICS,1,60
Nicole White,dor278@iith.ac.in,6521768570,DOCTOR,GENERAL MEDICINE,2,67
James Mullins,dor279@iith.ac.in,7705293600,DOCTOR,NEUROLOGY,1,89
Dana Hicks,dor280@iith.ac.in,9008014972,DOCTOR,ORTHOPEDICS,4,95
Regina Mccoy,dor281@iith.ac.in,8168115968,DOCTOR,CARDIOLOGY,1,33
Jennifer Morris,dor282@iith.ac.in,8364529128,DOCTOR,GYNECOLOGY,3,9
Ashley Harrison,dor283@iith.ac.in,6640828603,DOCTOR,PULMONOLOGY,2,43
Cameron Hernandez,dor284@iith.ac.in,8931657219,DOCTOR,PEDIATRICS,1,43
Michelle Rodriguez,dor285@iith.ac.in,6099420941,DOCTOR,GENERAL MEDICINE,1,76
Chad Mclaughlin,dor286@iith.ac.in,8629768985,DOCTOR,NEUROLOGY,5,40
Megan Munoz,dor287@iith.ac.in,7702102549,DOCTOR,ORTHOPEDICS,3,65
Joel Johnson,dor288@iith.ac.in,6043459749,DOCTOR,CARDIOLOGY,1,32
Bryan Fleming,dor289@iith.ac.in,9468460327,DOCTOR,GYNECOLOGY,1,17
Justin Le,dor290@iith.ac.in,6056110581,DOCTOR,PULMONOLOGY,4,47
Jacob Miller,dor291@iith.ac.in,7807944973,DOCTOR,PEDIATRICS,4,18
Hannah Wright,dor292@iith.ac.in,9400344942,DOCTOR,GENERAL MEDICINE,5,98
Thomas Prince,dor293@iith.ac.in,7044271074,DOCTOR,NEUROLOGY,4,17
Bryan Kelly DDS,dor294@iith.ac.in,9427374987,DOCTOR,ORTHOPEDICS,1,24
Gary Young,dor295@iith.ac.in,8772918855,DOCTOR,CARDIOLOGY,5,2
Gail Mcdowell,dor296@iith.ac.in,9593435669,DOCTOR,GYNECOLOGY,5,100
Ms. Rachel Jimenez,dor297@iith.ac.in,8536407183,DOCTOR,PULMONOLOGY,4,11
Leah Hunter DVM,dor298@iith.ac.in,6588191521,DOCTOR,PEDIATRICS,2,33
Christopher Moore,dor299@iith.ac.in,6553312540,DOCTOR,GENERAL MEDICINE,1,74
Scott Robinson,dor300@iith.ac.in,9324035200,DOCTOR,NEUROLOGY,1,10
Jon Hamilton,dor301@iith.ac.in,6464383596,DOCTOR,ORTHOPEDICS,5,94
Kimberly Kline,dor302@iith.ac.in,8556215348,DOCTOR,CARDIOLOGY,2,88
Pamela Hogan,dor303@iith.ac.in,9469181239,DOCTOR,GYNECOLOGY,3,7
Jessica Barnes,dor304@iith.ac.in,6825501586,DOCTOR,PULMONOLOGY,3,51
Haley Miller,dor305@iith.ac.in,8642772864,DOCTOR,PEDIATRICS,1,73
Shawn Morris,dor306@iith.ac.in,8064576626,DOCTOR,GENERAL MEDICINE,2,30
Yvonne Moran,dor307@iith.ac.in,9456333191,DOCTOR,NEUROLOGY,1,20
Gregory Turner,dor308@iith.ac.in,6299381668,DOCTOR,ORTHOPEDICS,4,27
Jacob Long,dor309@iith.ac.in,9136306487,DOCTOR,CARDIOLOGY,5,89
Stacy Simmons,dor310@iith.ac.in,9744982919,DOCTOR,GYNECOLOGY,1,5
Jamie Martinez,dor311@iith.ac.in,9523591052,DOCTOR,PULMONOLOGY,1,5
Christina Miller,dor312@iith.ac.in,6821999499,DOCTOR,PEDIATRICS,5,86
Zachary King,dor313@iith.ac.in,9134989615,DOCTOR,GENERAL MEDICINE,4,2
Sean Grant,dor314@iith.ac.in,9687481150,DOCTOR,NEUROLOGY,5,31
Scott Hunter,dor315@iith.ac.in,6107145600,DOCTOR,ORTHOPEDICS,2,67
Taylor Smith,dor316@iith.ac.in,6828201245,DOCTOR,CARDIOLOGY,3,92
Gabrielle Dennis,dor317@iith.ac.in,6144225734,DOCTOR,GYNECOLOGY,3,54
Jennifer Shaw,dor318@iith.ac.in,6205790742,DOCTOR,PULMONOLOGY,1,84
Dustin Mccormick,dor319@iith.ac.in,9680794692,DOCTOR,PEDIATRICS,1,6
Jennifer Brown,dor320@iith.ac.in,9082356208,DOCTOR,GENERAL MEDICINE,3,62
Francisco Sandoval,dor321@iith.ac.in,6987211673,DOCTOR,NEUROLOGY,3,53
Lisa Martin,dor322@iith.ac.in,6335914282,DOCTOR,ORTHOPEDICS,3,43
Isabel Armstrong,dor323@iith.ac.in,7026496728,DOCTOR,CARDIOLOGY,4,61
Anthony Snyder Jr.,dor324@iith.ac.in,6102150247,DOCTOR,GYNECOLOGY,2,77
Dr. Jason Davis,dor325@iith.ac.in,7681391804,DOCTOR,PULMONOLOGY,5,67
Misty Johnson,dor326@iith.ac.in,7532416987,DOCTOR,PEDIATRICS,5,46
Aaron Williams,dor327@iith.ac.in,6539195009,DOCTOR,GENERAL MEDICINE,4,39
Margaret Foster,dor328@iith.ac.in,6097005901,DOCTOR,NEUROLOGY,5,44
Leslie Rogers,dor329@iith.ac.in,6269125375,DOCTOR,ORTHOPEDICS,3,68
Samantha Johnson,dor330@iith.ac.in,8174244422,DOCTOR,CARDIOLOGY,2,44
Michael Joseph,dor331@iith.ac.in,8596366953,DOCTOR,GYNECOLOGY,3,16
Mary Williams,dor332@iith.ac.in,9304812424,DOCTOR,PULMONOLOGY,4,90
Chelsea Zhang,dor333@iith.ac.in,6902938160,DOCTOR,PEDIATRICS,5,92
Daniel Aguirre,dor334@iith.ac.in,9842986071,DOCTOR,GENERAL MEDICINE,1,100
Jason Everett,dor335@iith.ac.in,7896494079,DOCTOR,NEUROLOGY,3,21
Debra Alexander,dor336@iith.ac.in,7979765253,DOCTOR,ORTHOPEDICS,1,98
Jonathan Gonzalez,dor337@iith.ac.in,6493532927,DOCTOR,CARDIOLOGY,1,97
Stacy Shaw,dor338@iith.ac.in,8741731684,DOCTOR,GYNECOLOGY,2,91
Gary Arnold,dor339@iith.ac.in,8506981649,DOCTOR,PULMONOLOGY,4,28
Keith Jones,dor340@iith.ac.in,8761385694,DOCTOR,PEDIATRICS,5,44
Andres Hood,dor341@iith.ac.in,6895215770,DOCTOR,GENERAL MEDICINE,3,33
Kristopher Payne,dor342@iith.ac.in,7674000209,DOCTOR,NEUROLOGY,2,78
Matthew Delgado,dor343@iith.ac.in,7591945700,DOCTOR,ORTHOPEDICS,5,93
Nancy Wilson,dor344@iith.ac.in,8759164779,DOCTOR,CARDIOLOGY,5,55
Zachary Smith,dor345@iith.ac.in,9987430936,DOCTOR,GYNECOLOGY,1,38
Kenneth Ward,dor346@iith.ac.in,6793640722,DOCTOR,PULMONOLOGY,4,47
Samuel Hale,dor347@iith.ac.in,9459728123,DOCTOR,PEDIATRICS,1,67
Katherine Cobb DVM,dor348@iith.ac.in,7651699412,DOCTOR,GENERAL MEDICINE,2,27
Miss Tina Dean,dor349@iith.ac.in,6428897603,DOCTOR,NEUROLOGY,2,21
Andrew Martinez,dor350@iith.ac.in,8410513690,DOCTOR,ORTHOPEDICS,5,67
Sandra Atkinson,dor351@iith.ac.in,6013849048,DOCTOR,CARDIOLOGY,5,10
Jesse Martinez,dor352@iith.ac.in,8702402538,DOCTOR,GYNECOLOGY,1,64
John Jackson,dor353@iith.ac.in,9218375351,DOCTOR,PULMONOLOGY,4,6
Deborah Brown,dor354@iith.ac.in,7372001850,DOCTOR,PEDIATRICS,4,85
Patrick Joseph,dor355@iith.ac.in,6393813529,DOCTOR,GENERAL MEDICINE,3,15
Tyler Brown,dor356@iith.ac.in,9471492932,DOCTOR,NEUROLOGY,1,51
Michelle Strickland,dor357@iith.ac.in,6219273691,DOCTOR,ORTHOPEDICS,3,65
Douglas Gardner,dor358@iith.ac.in,6608233567,DOCTOR,CARDIOLOGY,5,30
Lisa Holland,dor359@iith.ac.in,9585529349,DOCTOR,GYNECOLOGY,1,94
Michael Young,dor360@iith.ac.in,7908026120,DOCTOR,PULMONOLOGY,2,15
Amanda Scott MD,dor361@iith.ac.in,9249822921,DOCTOR,PEDIATRICS,5,16
Linda Mitchell,dor362@iith.ac.in,8234190718,DOCTOR,GENERAL MEDICINE,4,19
Eddie Lindsey,dor363@iith.ac.in,7291305479,DOCTOR,NEUROLOGY,1,48
Gabrielle Weaver,dor364@iith.ac.in,6108251427,DOCTOR,ORTHOPEDICS,4,94
Sheila Huff,dor365@iith.ac.in,7433865290,DOCTOR,CARDIOLOGY,4,19
Andrew May,dor366@iith.ac.in,8096681968,DOCTOR,GYNECOLOGY,5,42
Kelly Huff,dor367@iith.ac.in,8569570945,DOCTOR,PULMONOLOGY,3,13
Andrew Colon,dor368@iith.ac.in,6096206751,DOCTOR,PEDIATRICS,1,17
Rhonda Brock,dor369@iith.ac.in,9089444911,DOCTOR,GENERAL MEDICINE,1,93
Carlos Yang,dor370@iith.ac.in,8722456614,DOCTOR,NEUROLOGY,2,68
Donna Dorsey,dor371@iith.ac.in,8076536300,DOCTOR,ORTHOPEDICS,1,36
Stephanie Rivera,dor372@iith.ac.in,6934486223,DOCTOR,CARDIOLOGY,1,83
Christine Martinez,dor373@iith.ac.in,7862264462,DOCTOR,GYNECOLOGY,3,48
Jerry Jones,dor374@iith.ac.in,8925541368,DOCTOR,PULMONOLOGY,3,11
Bonnie Michael,dor375@iith.ac.in,9677655410,DOCTOR,PEDIATRICS,5,28
Jeff Reeves,dor376@iith.ac.in,6429833337,DOCTOR,GENERAL MEDICINE,4,59
Travis Benjamin,dor377@iith.ac.in,8676730828,DOCTOR,NEUROLOGY,4,9
Cheryl Schultz,dor378@iith.ac.in,8655859707,DOCTOR,ORTHOPEDICS,3,83
Larry Clay,dor379@iith.ac.in,7443468285,DOCTOR,CARDIOLOGY,5,40
Alan Giles,dor380@iith.ac.in,7051868400,DOCTOR,GYNECOLOGY,3,77
Juan Davis,dor381@iith.ac.in,6740142257,DOCTOR,PULMONOLOGY,2,100
Charles Wood,dor382@iith.ac.in,7732463024,DOCTOR,PEDIATRICS,2,13
Mandy Russell,dor383@iith.ac.in,8788047059,DOCTOR,GENERAL MEDICINE,5,65
Timothy Dudley,dor384@iith.ac.in,7284226290,DOCTOR,NEUROLOGY,3,11
Teresa Williamson,dor385@iith.ac.in,7384799234,DOCTOR,ORTHOPEDICS,2,0
Mr. Eric Fuentes,dor386@iith.ac.in,6650009871,DOCTOR,CARDIOLOGY,5,71
Courtney Roberts,dor387@iith.ac.in,9519794284,DOCTOR,GYNECOLOGY,4,59
Paula Young,dor388@iith.ac.in,9791022483,DOCTOR,PULMONOLOGY,3,97
Christine Johnson,dor389@iith.ac.in,8438414403,DOCTOR,PEDIATRICS,4,70
Alicia Bentley,dor390@iith.ac.in,7876231943,DOCTOR,GENERAL MEDICINE,1,19
Stacie Perez,dor391@iith.ac.in,9505974915,DOCTOR,NEUROLOGY,1,9
Patrick Townsend,dor392@iith.ac.in,9266856392,DOCTOR,ORTHOPEDICS,4,28
Todd Cross,dor393@iith.ac.in,7699787541,DOCTOR,CARDIOLOGY,2,47
Antonio Johnson,dor394@iith.ac.in,9456490546,DOCTOR,GYNECOLOGY,5,25
Michael Nelson,dor395@iith.ac.in,7752098649,DOCTOR,PULMONOLOGY,5,28
Adam Burton,dor396@iith.ac.in,6591229625,DOCTOR,PEDIATRICS,5,98
Carrie Bray,dor397@iith.ac.in,6092050501,DOCTOR,GENERAL MEDICINE,5,10
Teresa Armstrong,dor398@iith.ac.in,8737228421,DOCTOR,NEUROLOGY,3,88
James Santos,dor399@iith.ac.in,6444813127,DOCTOR,ORTHOPEDICS,5,33
Lauren Hawkins,dor400@iith.ac.in,6229737708,DOCTOR,CARDIOLOGY,5,25
Beth Edwards,dor401@iith.ac.in,7677682055,DOCTOR,GYNECOLOGY,4,32
Cindy Love,dor402@iith.ac.in,8730150825,DOCTOR,PULMONOLOGY,2,81
Howard Martinez,dor403@iith.ac.in,8198946841,DOCTOR,PEDIATRICS,2,59
Frank Sharp,dor404@iith.ac.in,6234155205,DOCTOR,GENERAL MEDICINE,2,5
Christina Brown,dor405@iith.ac.in,9734263973,DOCTOR,NEUROLOGY,3,67
Donald Mills,dor406@iith.ac.in,8283179623,DOCTOR,ORTHOPEDICS,3,36
Brian Kennedy,dor407@iith.ac.in,7013724130,DOCTOR,CARDIOLOGY,3,62
Stephen Gillespie,dor408@iith.ac.in,9333381122,DOCTOR,GYNECOLOGY,1,46
Nicole Valdez,dor409@iith.ac.in,6820025855,DOCTOR,PULMONOLOGY,3,92
Evan Johnson,dor410@iith.ac.in,8287933680,DOCTOR,PEDIATRICS,2,45
Miranda Vasquez,dor411@iith.ac.in,7600714635,DOCTOR,GENERAL MEDICINE,1,25
Jason Henson,dor412@iith.ac.in,6707184862,DOCTOR,NEUROLOGY,4,61
Nichole Key,dor413@iith.ac.in,6990355013,DOCTOR,ORTHOPEDICS,1,17
Rodney Johnson,dor414@iith.ac.in,6006931408,DOCTOR,CARDIOLOGY,1,25
John Tran,dor415@iith.ac.in,8104683253,DOCTOR,GYNECOLOGY,3,87
Sydney Pena,dor416@iith.ac.in,9716420627,DOCTOR,PULMONOLOGY,3,6
Lori Anderson,dor417@iith.ac.in,9805362850,DOCTOR,PEDIATRICS,3,23
Christian Turner,dor418@iith.ac.in,6887973423,DOCTOR,GENERAL MEDICINE,4,76
Allison Ball,dor419@iith.ac.in,9384871139,DOCTOR,NEUROLOGY,4,73
Joshua Jones MD,dor420@iith.ac.in,6668018589,DOCTOR,ORTHOPEDICS,4,19
Kirsten Turner,dor421@iith.ac.in,6420749408,DOCTOR,CARDIOLOGY,3,88
Andrew Rowland,dor422@iith.ac.in,9617409221,DOCTOR,GYNECOLOGY,5,72
Kelli Chandler,dor423@iith.ac.in,8655739847,DOCTOR,PULMONOLOGY,2,20
Dr. Justin Guzman Jr.,dor424@iith.ac.in,6781550044,DOCTOR,PEDIATRICS,3,80
Rachel Anderson,dor425@iith.ac.in,9652382279,DOCTOR,GENERAL MEDICINE,4,96
Robert Jones,dor426@iith.ac.in,9652377134,DOCTOR,NEUROLOGY,5,90
Erin White,dor427@iith.ac.in,6550796757,DOCTOR,ORTHOPEDICS,2,33
Paula Palmer,dor428@iith.ac.in,8055034313,DOCTOR,CARDIOLOGY,4,38
Jennifer Hill,dor429@iith.ac.in,9467219936,DOCTOR,GYNECOLOGY,1,96
Mark Jones,dor430@iith.ac.in,8532186578,DOCTOR,PULMONOLOGY,3,95
Nicholas Jenkins,dor431@iith.ac.in,6394807033,DOCTOR,PEDIATRICS,5,22
Tracy Hancock,dor432@iith.ac.in,7065221527,DOCTOR,GENERAL MEDICINE,5,99
Charles Gonzalez,dor433@iith.ac.in,6103300058,DOCTOR,NEUROLOGY,3,70
Ronald Lee,dor434@iith.ac.in,7534252023,DOCTOR,ORTHOPEDICS,2,47
Rhonda Walter,dor435@iith.ac.in,9237555417,DOCTOR,CARDIOLOGY,4,59
Tammy Garcia,dor436@iith.ac.in,6863590058,DOCTOR,GYNECOLOGY,5,100
Melinda Jimenez,dor437@iith.ac.in,8062724358,DOCTOR,PULMONOLOGY,4,82
Anita Jenkins,dor438@iith.ac.in,9280415619,DOCTOR,PEDIATRICS,1,15
Michelle Rice MD,dor439@iith.ac.in,6986855436,DOCTOR,GENERAL MEDICINE,4,88
Matthew Durham,dor440@iith.ac.in,9811423992,DOCTOR,NEUROLOGY,1,47
Felicia Pineda,dor441@iith.ac.in,6609414896,DOCTOR,ORTHOPEDICS,4,76
Benjamin Williams,dor442@iith.ac.in,8840176497,DOCTOR,CARDIOLOGY,4,62
Margaret Boyer,dor443@iith.ac.in,7730470688,DOCTOR,GYNECOLOGY,1,99
Patricia Craig,dor444@iith.ac.in,9852932095,DOCTOR,PULMONOLOGY,5,17
Angel Norris,dor445@iith.ac.in,9911980026,DOCTOR,PEDIATRICS,4,54
Jason Todd,dor446@iith.ac.in,6795142833,DOCTOR,GENERAL MEDICINE,2,24
Joyce Ortega,dor447@iith.ac.in,7886535945,DOCTOR,NEUROLOGY,5,36
Judith Valdez MD,dor448@iith.ac.in,9529939755,DOCTOR,ORTHOPEDICS,5,46
John Hebert,dor449@iith.ac.in,7598288841,DOCTOR,CARDIOLOGY,2,7
Timothy Hoffman,dor450@iith.ac.in,9461641190,DOCTOR,GYNECOLOGY,5,17
Joshua Rose,dor451@iith.ac.in,8568917355,DOCTOR,PULMONOLOGY,4,26
Mark Mckinney,dor452@iith.ac.in,8985455624,DOCTOR,PEDIATRICS,5,49
Jeff Peterson,dor453@iith.ac.in,8249148453,DOCTOR,GENERAL MEDICINE,1,60
Clarence Powers,dor454@iith.ac.in,7828965837,DOCTOR,NEUROLOGY,5,65
Stuart Mckay,dor455@iith.ac.in,7261617936,DOCTOR,ORTHOPEDICS,3,27
Julian Koch,dor456@iith.ac.in,9134674941,DOCTOR,CARDIOLOGY,3,99
Andre Macias,dor457@iith.ac.in,6216995167,DOCTOR,GYNECOLOGY,3,86
Christopher Reed,dor458@iith.ac.in,9457682286,DOCTOR,PULMONOLOGY,2,45
Vincent Clark,dor459@iith.ac.in,6625885052,DOCTOR,PEDIATRICS,3,47
David Castro,dor460@iith.ac.in,6539564448,DOCTOR,GENERAL MEDICINE,4,49
Tonya Long,dor461@iith.ac.in,8750320899,DOCTOR,NEUROLOGY,5,84
Jennifer Hodges,dor462@iith.ac.in,6803033487,DOCTOR,ORTHOPEDICS,4,1
Earl Mitchell,dor463@iith.ac.in,7924659763,DOCTOR,CARDIOLOGY,2,98
Paula Ramirez,dor464@iith.ac.in,8779758455,DOCTOR,GYNECOLOGY,2,94
Sergio Jordan,dor465@iith.ac.in,8902221637,DOCTOR,PULMONOLOGY,3,50
Amanda Glass,dor466@iith.ac.in,9603965342,DOCTOR,PEDIATRICS,4,25
Sarah Smith,dor467@iith.ac.in,7512050826,DOCTOR,GENERAL MEDICINE,3,27
Michael Fernandez,dor468@iith.ac.in,7257984030,DOCTOR,NEUROLOGY,5,80
Marissa Snyder,dor469@iith.ac.in,6211482568,DOCTOR,ORTHOPEDICS,2,70
Janice Harvey,dor470@iith.ac.in,8433115325,DOCTOR,CARDIOLOGY,1,44
Rebecca Collins,dor471@iith.ac.in,7467573539,DOCTOR,GYNECOLOGY,4,40
Brent Johnston,dor472@iith.ac.in,6531722281,DOCTOR,PULMONOLOGY,4,43
David Young,dor473@iith.ac.in,7204132310,DOCTOR,PEDIATRICS,1,90
Kenneth Cox,dor474@iith.ac.in,9924381321,DOCTOR,GENERAL MEDICINE,1,21
Jessica King,dor475@iith.ac.in,7702490650,DOCTOR,NEUROLOGY,1,7
Ashley Hobbs,dor476@iith.ac.in,7796110496,DOCTOR,ORTHOPEDICS,4,85
Nathan Kelly,dor477@iith.ac.in,8982968383,DOCTOR,CARDIOLOGY,1,74
Ethan Malone,dor478@iith.ac.in,9985774040,DOCTOR,GYNECOLOGY,2,46
Helen Hardin,dor479@iith.ac.in,7324001081,DOCTOR,PULMONOLOGY,1,40
Amanda Wood,dor480@iith.ac.in,8170155350,DOCTOR,PEDIATRICS,2,41
Jennifer Jackson,dor481@iith.ac.in,6849457284,DOCTOR,GENERAL MEDICINE,2,40
Darlene Williams,dor482@iith.ac.in,9425825743,DOCTOR,NEUROLOGY,1,93
Cassie Gardner,dor483@iith.ac.in,7371252436,DOCTOR,ORTHOPEDICS,4,31
Donald Little,dor484@iith.ac.in,9443573379,DOCTOR,CARDIOLOGY,4,21
Mark Collins,dor485@iith.ac.in,7782258470,DOCTOR,GYNECOLOGY,1,31
Jessica Hansen,dor486@iith.ac.in,6343439702,DOCTOR,PULMONOLOGY,5,19
Aaron Boyer,dor487@iith.ac.in,9606840334,DOCTOR,PEDIATRICS,2,48
John Baker,dor488@iith.ac.in,7780058442,DOCTOR,GENERAL MEDICINE,3,98
Sydney Krueger,dor489@iith.ac.in,8963462027,DOCTOR,NEUROLOGY,3,0
Debbie Dorsey,dor490@iith.ac.in,6046788275,DOCTOR,ORTHOPEDICS,4,29
Andrea Byrd,dor491@iith.ac.in,6068279840,DOCTOR,CARDIOLOGY,5,10
Laurie Peck,nur75@iith.ac.in,7939468858,NURSE,GYNECOLOGY,4,91
Derek Velez,nur76@iith.ac.in,7851406426,NURSE,PULMONOLOGY,2,57
Kayla Nelson,nur77@iith.ac.in,8838950114,NURSE,PEDIATRICS,3,32
Sheila Williams,nur78@iith.ac.in,8856863178,NURSE,GENERAL MEDICINE,5,61
James Mcclain,nur79@iith.ac.in,6878844460,NURSE,NEUROLOGY,1,22
Linda Vaughn,nur80@iith.ac.in,6193158104,NURSE,ORTHOPEDICS,5,69
Sabrina Grimes,nur81@iith.ac.in,8035387203,NURSE,CARDIOLOGY,4,39
Brittney Moran,nur82@iith.ac.in,9150427406,NURSE,GYNECOLOGY,1,68
Jon Horton,nur83@iith.ac.in,9871734691,NURSE,PULMONOLOGY,2,75
Luke Burton,nur84@iith.ac.in,8055156526,NURSE,PEDIATRICS,4,91
Barbara Hill,nur85@iith.ac.in,8387371664,NURSE,GENERAL MEDICINE,2,3
Theresa Rodriguez,nur86@iith.ac.in,7115915673,NURSE,NEUROLOGY,5,46
Jeffrey Parker,nur87@iith.ac.in,9974920030,NURSE,ORTHOPEDICS,4,42
Adrian Lopez,nur88@iith.ac.in,7465487241,NURSE,CARDIOLOGY,2,12
Nicole Peters,nur89@iith.ac.in,6600890359,NURSE,GYNECOLOGY,5,45
Tracy Craig,nur90@iith.ac.in,9227573862,NURSE,PULMONOLOGY,2,36
Marcia Stevenson,nur91@iith.ac.in,9505712733,NURSE,PEDIATRICS,3,33
Sean Robinson,nur92@iith.ac.in,7765029625,NURSE,GENERAL MEDICINE,3,19
Jeffrey Kerr,nur93@iith.ac.in,8704968857,NURSE,NEUROLOGY,5,0
Edward Jimenez,nur94@iith.ac.in,8468526157,NURSE,ORTHOPEDICS,3,60
Elijah Phillips,nur95@iith.ac.in,6073329359,NURSE,CARDIOLOGY,1,78
Nicole George,nur96@iith.ac.in,7274469320,NURSE,GYNECOLOGY,1,87
Angelica Yu,nur97@iith.ac.in,6387468882,NURSE,PULMONOLOGY,5,86
Amy Rhodes,nur98@iith.ac.in,7650403762,NURSE,PEDIATRICS,1,86
Crystal Lin,nur99@iith.ac.in,6897738197,NURSE,GENERAL MEDICINE,1,6
Jennifer Green,nur100@iith.ac.in,6328453391,NURSE,NEUROLOGY,4,15
Daniel Dunn,nur101@iith.ac.in,9566086002,NURSE,ORTHOPEDICS,5,51
Thomas Briggs,nur102@iith.ac.in,8709016412,NURSE,CARDIOLOGY,5,88
Sean Trujillo,nur103@iith.ac.in,8275224403,NURSE,GYNECOLOGY,5,51
Daniel Johnson,nur104@iith.ac.in,9720257546,NURSE,PULMONOLOGY,4,36
Brent Howard,nur105@iith.ac.in,8601063109,NURSE,PEDIATRICS,2,58
Adam Curry,nur106@iith.ac.in,6976304579,NURSE,GENERAL MEDICINE,4,54
Angel Leonard,nur107@iith.ac.in,7665398537,NURSE,NEUROLOGY,3,53
Thomas Chavez,nur108@iith.ac.in,6108534206,NURSE,ORTHOPEDICS,2,63
Christy Mccarthy,nur109@iith.ac.in,7088619636,NURSE,CARDIOLOGY,3,86
Randy Miller,nur110@iith.ac.in,6387552682,NURSE,GYNECOLOGY,1,8
Tabitha Warren,nur111@iith.ac.in,8072678028,NURSE,PULMONOLOGY,5,78
Christopher Cordova,nur112@iith.ac.in,8667261852,NURSE,PEDIATRICS,5,8
Melanie Brown,nur113@iith.ac.in,6725603853,NURSE,GENERAL MEDICINE,2,10
Ryan Allison,nur114@iith.ac.in,7127938412,NURSE,NEUROLOGY,5,77
Micheal Ferguson,nur115@iith.ac.in,8520131323,NURSE,ORTHOPEDICS,5,72
Mrs. Erin Phelps,nur116@iith.ac.in,9511409631,NURSE,CARDIOLOGY,2,29
Justin Turner,nur117@iith.ac.in,9795963710,NURSE,GYNECOLOGY,3,76
Shannon Allen,nur118@iith.ac.in,6156237309,NURSE,PULMONOLOGY,3,90
Nancy Hawkins,nur119@iith.ac.in,9290057022,NURSE,PEDIATRICS,1,88
Melissa Chandler,nur120@iith.ac.in,7404528911,NURSE,GENERAL MEDICINE,4,88
Kevin Hansen,nur121@iith.ac.in,6569040843,NURSE,NEUROLOGY,5,63
Scott Morgan,nur122@iith.ac.in,9423212660,NURSE,ORTHOPEDICS,5,6
Nancy Forbes,nur123@iith.ac.in,9556901598,NURSE,CARDIOLOGY,2,22
Sara Fuentes,nur124@iith.ac.in,8356804336,NURSE,GYNECOLOGY,2,60
Lisa Ruiz,nur125@iith.ac.in,9368193880,NURSE,PULMONOLOGY,4,48
Douglas Barnes,nur126@iith.ac.in,6005719293,NURSE,PEDIATRICS,3,28
Mr. James Reeves DDS,nur127@iith.ac.in,8094534105,NURSE,GENERAL MEDICINE,2,52
Breanna Duran,nur128@iith.ac.in,7430676836,NURSE,NEUROLOGY,3,86
Sandra Hill,nur129@iith.ac.in,8991534387,NURSE,ORTHOPEDICS,2,28
Anthony Williams,nur130@iith.ac.in,9681002646,NURSE,CARDIOLOGY,1,43
Edward Meyer,nur131@iith.ac.in,8871912437,NURSE,GYNECOLOGY,3,12
Daniel Huynh,nur132@iith.ac.in,7180376661,NURSE,PULMONOLOGY,1,54
Michael Martin,nur133@iith.ac.in,6868592772,NURSE,PEDIATRICS,4,28
John Carpenter,nur134@iith.ac.in,6954901067,NURSE,GENERAL MEDICINE,3,69
Amy Parker DDS,nur135@iith.ac.in,6215264587,NURSE,NEUROLOGY,4,21
Tyrone Daniels,nur136@iith.ac.in,9198376694,NURSE,ORTHOPEDICS,4,91
Andrew Wright,nur137@iith.ac.in,7560820473,NURSE,CARDIOLOGY,1,55
Jose Hart,nur138@iith.ac.in,9494551432,NURSE,GYNECOLOGY,2,91
Kristina Jennings,nur139@iith.ac.in,9762622635,NURSE,PULMONOLOGY,3,49
Michele Pena,nur140@iith.ac.in,6236575371,NURSE,PEDIATRICS,3,53
Mary Washington,nur141@iith.ac.in,6669974243,NURSE,GENERAL MEDICINE,5,56
Robyn Reyes,nur142@iith.ac.in,9098111967,NURSE,NEUROLOGY,4,0
Samantha Warner,nur143@iith.ac.in,8148762150,NURSE,ORTHOPEDICS,1,22
Daniel Jennings,nur144@iith.ac.in,7941646810,NURSE,CARDIOLOGY,4,97
Amber Garrett,nur145@iith.ac.in,9278945121,NURSE,GYNECOLOGY,4,8
Jeremy Poole,nur146@iith.ac.in,7610884638,NURSE,PULMONOLOGY,2,12
Holly Richards,nur147@iith.ac.in,9539291416,NURSE,PEDIATRICS,5,26
Susan Wang,nur148@iith.ac.in,7453888636,NURSE,GENERAL MEDICINE,1,72
Belinda Mendez,nur149@iith.ac.in,9080595843,NURSE,NEUROLOGY,2,28
Katherine Buchanan,stf164@iith.ac.in,9620663226,STAFF,ORTHOPEDICS,2,87
Cynthia Shelton,stf165@iith.ac.in,7548401492,STAFF,CARDIOLOGY,4,80
Philip Stanton,stf166@iith.ac.in,8318252438,STAFF,GYNECOLOGY,1,19
Denise Lozano,stf167@iith.ac.in,8621460062,STAFF,PULMONOLOGY,2,13
Gabriella Spence,stf168@iith.ac.in,9356082885,STAFF,PEDIATRICS,5,69
Jennifer Henderson,stf169@iith.ac.in,6632287312,STAFF,GENERAL MEDICINE,3,74
Ricky Haynes,stf170@iith.ac.in,8784460721,STAFF,NEUROLOGY,4,61
Nicole Brown,stf171@iith.ac.in,8404321545,STAFF,ORTHOPEDICS,1,59
Michael Hatfield,stf172@iith.ac.in,8859580671,STAFF,CARDIOLOGY,5,35
Martin Huynh,stf173@iith.ac.in,6306281701,STAFF,GYNECOLOGY,5,37
Meagan Glenn,stf174@iith.ac.in,9133714507,STAFF,PULMONOLOGY,5,33
Maria Freeman,stf175@iith.ac.in,6034011313,STAFF,PEDIATRICS,3,21
Wendy Dickerson,stf176@iith.ac.in,6812192638,STAFF,GENERAL MEDICINE,4,51
Joseph Lewis,stf177@iith.ac.in,8866735226,STAFF,NEUROLOGY,4,42
Edward Hernandez,stf178@iith.ac.in,6404981154,STAFF,ORTHOPEDICS,3,36
Dave Kane,stf179@iith.ac.in,7121070089,STAFF,CARDIOLOGY,4,61
Ian Franklin,stf180@iith.ac.in,6966017844,STAFF,GYNECOLOGY,3,6
Randall Castro,stf181@iith.ac.in,8850549662,STAFF,PULMONOLOGY,5,7
Blake Miller,stf182@iith.ac.in,8274240825,STAFF,PEDIATRICS,4,90
Rebecca Steele,stf183@iith.ac.in,9112744446,STAFF,GENERAL MEDICINE,2,88
Christopher Walker,stf184@iith.ac.in,8303975818,STAFF,NEUROLOGY,2,2
Jessica Noble,stf185@iith.ac.in,8049283185,STAFF,ORTHOPEDICS,5,67
Raymond Moody,stf186@iith.ac.in,9091796036,STAFF,CARDIOLOGY,4,15
Ashley Armstrong,stf187@iith.ac.in,7979533745,STAFF,GYNECOLOGY,4,84
Brian Smith,stf188@iith.ac.in,6236244534,STAFF,PULMONOLOGY,5,58
Thomas Avery,stf189@iith.ac.in,9274416585,STAFF,PEDIATRICS,5,94
Joseph Washington,stf190@iith.ac.in,6524376926,STAFF,GENERAL MEDICINE,2,44
Tyler Carter,stf191@iith.ac.in,9071776454,STAFF,NEUROLOGY,3,50
Benjamin Garcia,stf192@iith.ac.in,6332541682,STAFF,ORTHOPEDICS,1,47
Michael Baker,stf193@iith.ac.in,6466912823,STAFF,CARDIOLOGY,2,43
Julia Perry,stf194@iith.ac.in,6322154210,STAFF,GYNECOLOGY,3,42
Roberto Henry,stf195@iith.ac.in,8903957593,STAFF,PULMONOLOGY,5,9
Laura Black,stf196@iith.ac.in,6008488747,STAFF,PEDIATRICS,3,58
Javier James,stf197@iith.ac.in,6168161493,STAFF,GENERAL MEDICINE,3,10
Renee Powers,stf198@iith.ac.in,8636315651,STAFF,NEUROLOGY,5,19
Joshua Gonzalez,stf199@iith.ac.in,9745820406,STAFF,ORTHOPEDICS,3,6
Edward Young DDS,stf200@iith.ac.in,8590580299,STAFF,CARDIOLOGY,2,96
Deanna Crawford,stf201@iith.ac.in,6929063956,STAFF,GYNECOLOGY,2,24
Michael Aguilar,stf202@iith.ac.in,9479129900,STAFF,PULMONOLOGY,4,20
Kyle Mendez,stf203@iith.ac.in,8022436884,STAFF,PEDIATRICS,3,8
James Scott,stf204@iith.ac.in,7532388520,STAFF,GENERAL MEDICINE,4,23
Erin Walton,stf205@iith.ac.in,7064085279,STAFF,NEUROLOGY,3,77
Marcus Lopez,stf206@iith.ac.in,8127975970,STAFF,ORTHOPEDICS,1,90
Raymond Davis,stf207@iith.ac.in,8511868607,STAFF,CARDIOLOGY,2,82
Amanda Fernandez,stf208@iith.ac.in,7052038550,STAFF,GYNECOLOGY,1,17
Robin Michael,stf209@iith.ac.in,6514594838,STAFF,PULMONOLOGY,2,56
Sarah Morgan,stf210@iith.ac.in,6786660989,STAFF,PEDIATRICS,1,94
Ashley Palmer,stf211@iith.ac.in,7873028619,STAFF,GENERAL MEDICINE,1,6
Aaron Blackburn,stf212@iith.ac.in,8883277365,STAFF,NEUROLOGY,5,47
Casey Alvarado,stf213@iith.ac.in,8397696745,STAFF,ORTHOPEDICS,2,2
Isaac Harvey,stf214@iith.ac.in,6314863821,STAFF,CARDIOLOGY,1,26
Tammy Lyons,stf215@iith.ac.in,8516920618,STAFF,GYNECOLOGY,2,41
Amanda Taylor,stf216@iith.ac.in,8558824693,STAFF,PULMONOLOGY,2,18
Jennifer Sherman,stf217@iith.ac.in,9745449833,STAFF,PEDIATRICS,2,98
Michelle Gibson,stf218@iith.ac.in,7485790584,STAFF,GENERAL MEDICINE,3,87
John Phillips,stf219@iith.ac.in,6756414413,STAFF,NEUROLOGY,5,94
Shirley Anderson,stf220@iith.ac.in,9159671658,STAFF,ORTHOPEDICS,3,76
Lauren Beasley,stf221@iith.ac.in,9482729231,STAFF,CARDIOLOGY,3,36
Jeffrey Lee,stf222@iith.ac.in,8731705931,STAFF,GYNECOLOGY,5,67
Robin Phillips,stf223@iith.ac.in,7230461309,STAFF,PULMONOLOGY,5,54
Roger Campbell,stf224@iith.ac.in,7116846506,STAFF,PEDIATRICS,2,69
Stacy Bell,stf225@iith.ac.in,8223352729,STAFF,GENERAL MEDICINE,2,95
Melinda Reid,stf226@iith.ac.in,6097610698,STAFF,NEUROLOGY,1,88
Susan Carson,stf227@iith.ac.in,9280840761,STAFF,ORTHOPEDICS,3,73
Ruben Wilson,stf228@iith.ac.in,8161678940,STAFF,CARDIOLOGY,2,29
Michael Robinson,stf229@iith.ac.in,7886210734,STAFF,GYNECOLOGY,3,76
Amanda Lopez,stf230@iith.ac.in,9093993342,STAFF,PULMONOLOGY,1,49
Eric Lopez,stf231@iith.ac.in,6264669021,STAFF,PEDIATRICS,2,7
Nicole Diaz,stf232@iith.ac.in,6321358018,STAFF,GENERAL MEDICINE,1,86
Julie Smith,stf233@iith.ac.in,8187659679,STAFF,NEUROLOGY,2,18
Andrea Garcia,stf234@iith.ac.in,7128427330,STAFF,ORTHOPEDICS,4,91
Kellie Quinn,stf235@iith.ac.in,8787817938,STAFF,CARDIOLOGY,4,80
Jorge Horton,stf236@iith.ac.in,9368768853,STAFF,GYNECOLOGY,1,93
Victor Alvarez,stf237@iith.ac.in,6223460158,STAFF,PULMONOLOGY,4,1
Andrew Baker,stf238@iith.ac.in,9239735329,STAFF,PEDIATRICS,2,77
Gregory Rogers,stf239@iith.ac.in,9118098007,STAFF,GENERAL MEDICINE,2,39
Timothy Brooks DDS,stf240@iith.ac.in,9801963644,STAFF,NEUROLOGY,4,61
James Ortiz,stf241@iith.ac.in,7206079901,STAFF,ORTHOPEDICS,2,79
William Kirby,stf242@iith.ac.in,8211174322,STAFF,CARDIOLOGY,1,98
Patricia Phillips,stf243@iith.ac.in,8478416781,STAFF,GYNECOLOGY,3,45
Karen Rogers,stf244@iith.ac.in,7333341828,STAFF,PULMONOLOGY,1,88
Jeffrey Anderson,stf245@iith.ac.in,7997180445,STAFF,PEDIATRICS,2,28
Stephen Ferguson,stf246@iith.ac.in,6397557468,STAFF,GENERAL MEDICINE,3,46
Debbie Frazier,stf247@iith.ac.in,7453038029,STAFF,NEUROLOGY,2,9
Wendy Johnson DVM,stf248@iith.ac.in,6325332405,STAFF,ORTHOPEDICS,2,59
Anita Ford,stf249@iith.ac.in,9226348221,STAFF,CARDIOLOGY,3,79
Sue Walters,stf250@iith.ac.in,8634475505,STAFF,GYNECOLOGY,2,100
Kenneth Reyes,stf251@iith.ac.in,9891303849,STAFF,PULMONOLOGY,4,51
Norma Warner,stf252@iith.ac.in,7417793085,STAFF,PEDIATRICS,3,58
Timothy Castillo,stf253@iith.ac.in,7913936387,STAFF,GENERAL MEDICINE,2,84
Mary Gonzalez,stf254@iith.ac.in,6960903414,STAFF,NEUROLOGY,3,6
Michael Stone,stf255@iith.ac.in,8990021780,STAFF,ORTHOPEDICS,3,83
Jennifer Lee,stf256@iith.ac.in,8711825966,STAFF,CARDIOLOGY,2,100
Timothy Ritter,stf257@iith.ac.in,8237649065,STAFF,GYNECOLOGY,4,54
Scott Smith,stf258@iith.ac.in,6022163217,STAFF,PULMONOLOGY,3,53
Melissa Washington DDS,stf259@iith.ac.in,7418279469,STAFF,PEDIATRICS,5,62
Katherine Hunter,stf260@iith.ac.in,9486406510,STAFF,GENERAL MEDICINE,5,89
Virginia Murray,stf261@iith.ac.in,9608232521,STAFF,NEUROLOGY,5,34
Brenda Walker,stf262@iith.ac.in,6970242843,STAFF,ORTHOPEDICS,4,19
Jessica Ward,stf263@iith.ac.in,9027540750,STAFF,CARDIOLOGY,1,86
Joseph Morton,stf264@iith.ac.in,9928787085,STAFF,GYNECOLOGY,4,94
Dr. Sherry Barrera DDS,stf265@iith.ac.in,7740616046,STAFF,PULMONOLOGY,1,87
Sydney Buchanan,stf266@iith.ac.in,6650714524,STAFF,PEDIATRICS,1,28
Mary Willis,stf267@iith.ac.in,7195315411,STAFF,GENERAL MEDICINE,1,0
Grace Carter,stf268@iith.ac.in,9907455648,STAFF,NEUROLOGY,3,21
Douglas Pruitt,stf269@iith.ac.in,8423120175,STAFF,ORTHOPEDICS,3,6
Christine Rice,stf270@iith.ac.in,8542158713,STAFF,CARDIOLOGY,2,92
Gabriel Thomas,stf271@iith.ac.in,9445042897,STAFF,GYNECOLOGY,1,59
Stephanie Ramirez,stf272@iith.ac.in,8567226944,STAFF,PULMONOLOGY,5,76
Stephen Maynard,stf273@iith.ac.in,6873292837,STAFF,PEDIATRICS,1,50
Craig Ford,stf274@iith.ac.in,6357958356,STAFF,GENERAL MEDICINE,1,3
Zoe Chen,stf275@iith.ac.in,7562293439,STAFF,NEUROLOGY,1,60
Stephanie Garrett,stf276@iith.ac.in,9582001906,STAFF,ORTHOPEDICS,3,83
Chloe Myers,stf277@iith.ac.in,9210317768,STAFF,CARDIOLOGY,5,47
Sheri Gallagher,stf278@iith.ac.in,7307880755,STAFF,GYNECOLOGY,2,3
Glenn Reid,stf279@iith.ac.in,6162178619,STAFF,PULMONOLOGY,2,69
Mary Palmer,stf280@iith.ac.in,8858686462,STAFF,PEDIATRICS,4,38
Barbara Williamson,stf281@iith.ac.in,8280253466,STAFF,GENERAL MEDICINE,2,76
Lindsay Morris,stf282@iith.ac.in,7648764872,STAFF,NEUROLOGY,4,31
Richard Wood,stf283@iith.ac.in,7675742655,STAFF,ORTHOPEDICS,3,22
Kim Henry,stf284@iith.ac.in,6963867746,STAFF,CARDIOLOGY,2,91
Alexis Campbell,stf285@iith.ac.in,8306066069,STAFF,GYNECOLOGY,5,46
Bryan Jackson,stf286@iith.ac.in,8742230025,STAFF,PULMONOLOGY,3,80
Rachael Wiggins,stf287@iith.ac.in,8985899735,STAFF,PEDIATRICS,4,28
Timothy Vincent,stf288@iith.ac.in,8513724184,STAFF,GENERAL MEDICINE,1,59
Erin Whitney,stf289@iith.ac.in,6169097588,STAFF,NEUROLOGY,5,61
Jessica Rowe,stf290@iith.ac.in,8862355429,STAFF,ORTHOPEDICS,2,79
Lindsay Thompson,stf291@iith.ac.in,7513714009,STAFF,CARDIOLOGY,1,38
Terri Wheeler,stf292@iith.ac.in,6188287581,STAFF,GYNECOLOGY,2,31
Lindsey Lucas,stf293@iith.ac.in,9000812388,STAFF,PULMONOLOGY,2,19
Kenneth Moody,stf294@iith.ac.in,8291419460,STAFF,PEDIATRICS,4,27
Joseph Frost,stf295@iith.ac.in,6620925225,STAFF,GENERAL MEDICINE,5,32
Eric Turner,stf296@iith.ac.in,9241754987,STAFF,NEUROLOGY,5,30
Robert Chavez,stf297@iith.ac.in,8046645387,STAFF,ORTHOPEDICS,3,18
Katherine Walker,stf298@iith.ac.in,6560716035,STAFF,CARDIOLOGY,5,51
Kim Brown,stf299@iith.ac.in,9241178621,STAFF,GYNECOLOGY,5,3
Kevin Rubio,stf300@iith.ac.in,9896637783,STAFF,PULMONOLOGY,2,34
Patrick Cole,stf301@iith.ac.in,7895553218,STAFF,PEDIATRICS,2,30
Dawn Hernandez,stf302@iith.ac.in,9557224830,STAFF,GENERAL MEDICINE,5,21
Andrew Parker,stf303@iith.ac.in,7948804215,STAFF,NEUROLOGY,4,62
John Clark,stf304@iith.ac.in,6237579499,STAFF,ORTHOPEDICS,5,81
Joshua Cantu,stf305@iith.ac.in,6110776742,STAFF,CARDIOLOGY,5,15
Kathleen Middleton,stf306@iith.ac.in,7781391234,STAFF,GYNECOLOGY,2,16
John Rivers,stf307@iith.ac.in,9376408629,STAFF,PULMONOLOGY,4,90
Nathan Smith,stf308@iith.ac.in,8505216246,STAFF,PEDIATRICS,2,89
Donald Stanley,stf309@iith.ac.in,7725529863,STAFF,GENERAL MEDICINE,5,67
Jordan Lynch,stf310@iith.ac.in,9529335650,STAFF,NEUROLOGY,3,67
Marcus Blair MD,stf311@iith.ac.in,8616355629,STAFF,ORTHOPEDICS,1,92
Shannon Cooke,stf312@iith.ac.in,7012814611,STAFF,CARDIOLOGY,3,35
Michael Hatfield,stf313@iith.ac.in,8989982825,STAFF,GYNECOLOGY,2,7
Jenny Barron,stf314@iith.ac.in,6982593466,STAFF,PULMONOLOGY,3,33
Heather Collins MD,stf315@iith.ac.in,7257566525,STAFF,PEDIATRICS,2,93
Kimberly Scott,stf316@iith.ac.in,7010009989,STAFF,GENERAL MEDICINE,5,29
Tanya Carter,stf317@iith.ac.in,6946550638,STAFF,NEUROLOGY,5,91
Nancy Cooper,stf318@iith.ac.in,6960829811,STAFF,ORTHOPEDICS,1,27
Scott Frederick,stf319@iith.ac.in,8891199664,STAFF,CARDIOLOGY,1,15
Timothy Green,stf320@iith.ac.in,6275987630,STAFF,GYNECOLOGY,1,77
Destiny Austin,stf321@iith.ac.in,8658466578,STAFF,PULMONOLOGY,3,79
Zachary Martin,stf322@iith.ac.in,6825820210,STAFF,PEDIATRICS,3,96
Timothy Aguirre,stf323@iith.ac.in,7244041400,STAFF,GENERAL MEDICINE,4,15
Tamara Hardy,stf324@iith.ac.in,9242584117,STAFF,NEUROLOGY,4,3
Peter Espinoza,stf325@iith.ac.in,6195577070,STAFF,ORTHOPEDICS,3,53
Cynthia Carter,stf326@iith.ac.in,8680276634,STAFF,CARDIOLOGY,4,79
Emily Smith,stf327@iith.ac.in,7391273008,STAFF,GYNECOLOGY,4,49
Susan Aguirre,stf328@iith.ac.in,7935042313,STAFF,PULMONOLOGY,1,42
George Case,stf329@iith.ac.in,9552098813,STAFF,PEDIATRICS,3,62
Jennifer Rubio,stf330@iith.ac.in,8340701198,STAFF,GENERAL MEDICINE,2,67
Michael Hoffman,stf331@iith.ac.in,7877843536,STAFF,NEUROLOGY,1,42
John Coleman,stf332@iith.ac.in,9389907483,STAFF,ORTHOPEDICS,4,26
Ann Campbell,stf333@iith.ac.in,6558990148,STAFF,CARDIOLOGY,5,19
Daniel Wilson,stf334@iith.ac.in,9500965988,STAFF,GYNECOLOGY,2,6
Micheal Fernandez,stf335@iith.ac.in,7724213104,STAFF,PULMONOLOGY,2,37
John Webb,stf336@iith.ac.in,8110020614,STAFF,PEDIATRICS,3,18
Patricia Cline,stf337@iith.ac.in,8744323942,STAFF,GENERAL MEDICINE,3,85
Danielle Hartman,stf338@iith.ac.in,8434497788,STAFF,NEUROLOGY,3,35
Brandon Galvan,stf339@iith.ac.in,6732571516,STAFF,ORTHOPEDICS,5,15
James Ramsey,stf340@iith.ac.in,8303715861,STAFF,CARDIOLOGY,3,24
Brian Martinez,stf341@iith.ac.in,8507111992,STAFF,GYNECOLOGY,5,10
Dylan Reed,stf342@iith.ac.in,8580048773,STAFF,PULMONOLOGY,3,82
Karen Watkins,stf343@iith.ac.in,9281209719,STAFF,PEDIATRICS,1,41
John Sparks,stf344@iith.ac.in,6623514696,STAFF,GENERAL MEDICINE,3,10
Christopher Mcguire,stf345@iith.ac.in,7557567541,STAFF,NEUROLOGY,3,56
James Pierce,stf346@iith.ac.in,6369627065,STAFF,ORTHOPEDICS,5,35
Joseph Johnson,stf347@iith.ac.in,7495256992,STAFF,CARDIOLOGY,2,76
Lauren Vaughan,stf348@iith.ac.in,7320753628,STAFF,GYNECOLOGY,3,83
Mark Hamilton,stf349@iith.ac.in,7189114926,STAFF,PULMONOLOGY,5,0
Tara Smith,stf350@iith.ac.in,6014767469,STAFF,PEDIATRICS,4,54
David Clark,stf351@iith.ac.in,8679402879,STAFF,GENERAL MEDICINE,4,85
Tommy Smith,stf352@iith.ac.in,6493646760,STAFF,NEUROLOGY,5,1
Ashley Brown,stf353@iith.ac.in,8117963197,STAFF,ORTHOPEDICS,3,59
Nicole Grimes,stf354@iith.ac.in,7388620958,STAFF,CARDIOLOGY,2,85
Heather Mcpherson,stf355@iith.ac.in,9883687775,STAFF,GYNECOLOGY,1,71
Kaitlyn Vincent MD,stf356@iith.ac.in,7981172936,STAFF,PULMONOLOGY,3,22
Jerry Barnes,stf357@iith.ac.in,6370968217,STAFF,PEDIATRICS,1,79
